##FastQC	0.12.1
>>Basic Statistics	pass
#Measure	Value
Filename	SRR39441559_1.fastq
File type	Conventional base calls
Encoding	Sanger / Illumina 1.9
Total Sequences	1201663
Total Bases	181.4 Mbp
Sequences flagged as poor quality	0
Sequence length	151
%GC	50
>>END_MODULE
>>Per base sequence quality	pass
#Base	Mean	Median	Lower Quartile	Upper Quartile	10th Percentile	90th Percentile
1	35.05142207091339	37.0	37.0	37.0	25.0	37.0
2	35.282595037044494	37.0	37.0	37.0	37.0	37.0
3	35.553428040973216	37.0	37.0	37.0	37.0	37.0
4	35.32375466332907	37.0	37.0	37.0	37.0	37.0
5	35.75887915330671	37.0	37.0	37.0	37.0	37.0
6	35.99999916781993	37.0	37.0	37.0	37.0	37.0
7	35.923890475116565	37.0	37.0	37.0	37.0	37.0
8	35.96634913449112	37.0	37.0	37.0	37.0	37.0
9	35.81215781795728	37.0	37.0	37.0	37.0	37.0
10-14	35.92491688601546	37.0	37.0	37.0	37.0	37.0
15-19	35.92622806893446	37.0	37.0	37.0	37.0	37.0
20-24	35.88837519337784	37.0	37.0	37.0	37.0	37.0
25-29	35.785888722545344	37.0	37.0	37.0	37.0	37.0
30-34	35.737084690133585	37.0	37.0	37.0	37.0	37.0
35-39	35.71523130861148	37.0	37.0	37.0	37.0	37.0
40-44	35.691820085997485	37.0	37.0	37.0	37.0	37.0
45-49	35.67237802944753	37.0	37.0	37.0	37.0	37.0
50-54	35.63579755721862	37.0	37.0	37.0	37.0	37.0
55-59	35.61292592016231	37.0	37.0	37.0	37.0	37.0
60-64	35.58445537559199	37.0	37.0	37.0	37.0	37.0
65-69	35.558767141869225	37.0	37.0	37.0	37.0	37.0
70-74	35.542605872029014	37.0	37.0	37.0	37.0	37.0
75-79	35.516240576600936	37.0	37.0	37.0	37.0	37.0
80-84	35.48782495591526	37.0	37.0	37.0	37.0	37.0
85-89	35.44467608639028	37.0	37.0	37.0	37.0	37.0
90-94	35.406062764685274	37.0	37.0	37.0	37.0	37.0
95-99	35.376637043830094	37.0	37.0	37.0	37.0	37.0
100-104	35.33246143053419	37.0	37.0	37.0	37.0	37.0
105-109	35.328225134667534	37.0	37.0	37.0	37.0	37.0
110-114	35.30696875912797	37.0	37.0	37.0	37.0	37.0
115-119	35.25711734487955	37.0	37.0	37.0	29.8	37.0
120-124	35.209296782875064	37.0	37.0	37.0	25.0	37.0
125-129	35.171628651294085	37.0	37.0	37.0	25.0	37.0
130-134	35.188078354746715	37.0	37.0	37.0	25.0	37.0
135-139	35.10526861524404	37.0	37.0	37.0	25.0	37.0
140-144	35.060683402917455	37.0	37.0	37.0	25.0	37.0
145-149	35.018304799265685	37.0	37.0	37.0	25.0	37.0
150-151	34.902357399703575	37.0	37.0	37.0	25.0	37.0
>>END_MODULE
>>Per tile sequence quality	pass
#Tile	Base	Mean
2101	1	-0.2711108402466138
2101	2	-0.26791631762367274
2101	3	-0.26245477680320306
2101	4	-0.1470993282472648
2101	5	-0.04087608257813713
2101	6	-0.16623401368660495
2101	7	-0.11493920114340028
2101	8	-0.08849096618968844
2101	9	-0.19518340062708006
2101	10-14	-0.10161711647915439
2101	15-19	-0.06954909090044481
2101	20-24	-0.018922189269531486
2101	25-29	-0.0722096783585755
2101	30-34	-0.01802351015018644
2101	35-39	-0.08478749008600062
2101	40-44	-0.05365297649509415
2101	45-49	-0.13725893752652496
2101	50-54	-0.06666387240935023
2101	55-59	-0.10634034118277924
2101	60-64	-0.06884058000281357
2101	65-69	-0.12677668910701811
2101	70-74	-0.07499534156502818
2101	75-79	-0.18867554712201695
2101	80-84	-0.08478928224455018
2101	85-89	-0.15367659556392255
2101	90-94	-0.18976463306644575
2101	95-99	-0.20464316435183605
2101	100-104	-0.14403361375543255
2101	105-109	-0.19218666712214372
2101	110-114	-0.15817305419128758
2101	115-119	-0.1591150604369247
2101	120-124	-0.1769340062348732
2101	125-129	-0.2135081646635868
2101	130-134	-0.19429710569948355
2101	135-139	-0.2177445425548541
2101	140-144	-0.25106523438803663
2101	145-149	-0.2498836401249136
2101	150-151	-0.31045321160883077
2102	1	-0.3122385046533793
2102	2	-0.18722095724835697
2102	3	-0.22690910367483497
2102	4	-0.3859990284378654
2102	5	0.040961080119032545
2102	6	-0.14327025659090253
2102	7	-0.007704357809863893
2102	8	0.015132426813281086
2102	9	-0.21659357481751584
2102	10-14	-0.03026392885563922
2102	15-19	-0.07198774318712253
2102	20-24	-0.12285450400106157
2102	25-29	-0.08721782077598306
2102	30-34	-0.15733409349795835
2102	35-39	-0.02304670406486764
2102	40-44	-0.08993957854246304
2102	45-49	-0.09597729548501377
2102	50-54	-0.13541217679148332
2102	55-59	-0.006196338785962041
2102	60-64	-0.08783067172667813
2102	65-69	-0.14763715520259524
2102	70-74	-0.13338434408954924
2102	75-79	-0.1694035254899049
2102	80-84	-0.12892045972991895
2102	85-89	-0.14087349847689978
2102	90-94	-0.20113364300509318
2102	95-99	-0.24138172406554048
2102	100-104	-0.16205931742389623
2102	105-109	-0.18523292530338864
2102	110-114	-0.24690365856645258
2102	115-119	-0.25320302339670064
2102	120-124	-0.30216410977715213
2102	125-129	-0.25983641419227155
2102	130-134	-0.2757778521096128
2102	135-139	-0.34248437523317676
2102	140-144	-0.27514601103450786
2102	145-149	-0.29929392752912776
2102	150-151	-0.34631376054376517
2103	1	-0.13597298991889062
2103	2	-0.4715505253265988
2103	3	-0.03378707526027824
2103	4	-0.21963337094405944
2103	5	-0.06772875545250656
2103	6	-0.06261916142799606
2103	7	-0.20933209571712297
2103	8	-0.11344513761764574
2103	9	-0.5241483769699968
2103	10-14	-0.10855606265860729
2103	15-19	-0.1511809681923637
2103	20-24	-0.1053637587129046
2103	25-29	-0.10628208711452913
2103	30-34	-0.002312785217043256
2103	35-39	-0.1930753439434696
2103	40-44	-0.2639899474107139
2103	45-49	-0.20122612093312853
2103	50-54	-0.1256295547023356
2103	55-59	-0.16631948850370293
2103	60-64	-0.37084284059458383
2103	65-69	-0.10613819993326246
2103	70-74	-0.08981168205949075
2103	75-79	-0.15384839240336845
2103	80-84	-0.20056645181919208
2103	85-89	-0.10819199962724468
2103	90-94	-0.3748840588730289
2103	95-99	-0.20620308128246023
2103	100-104	-0.2856343206364187
2103	105-109	-0.27389790561457517
2103	110-114	-0.33217128388572803
2103	115-119	-0.41573512664108137
2103	120-124	-0.27304895352522607
2103	125-129	-0.48752028062868646
2103	130-134	-0.2806211073037801
2103	135-139	-0.36335240823503767
2103	140-144	-0.3004019128386375
2103	145-149	-0.37370216285845004
2103	150-151	-0.45286748716054603
2104	1	0.033324579992616066
2104	2	0.05180568709248945
2104	3	-0.10968662189414147
2104	4	0.15101931533654067
2104	5	-0.3314782428766776
2104	6	0.2162834089242338
2104	7	-0.02102993849143786
2104	8	-0.13426242301603253
2104	9	0.15676310741129384
2104	10-14	-0.07605243151392926
2104	15-19	-0.004795442184168053
2104	20-24	0.08627100370100749
2104	25-29	-0.009425757808990909
2104	30-34	-0.004723711992468793
2104	35-39	-0.13463441758960926
2104	40-44	0.023439202154115435
2104	45-49	-0.0834490329770432
2104	50-54	-0.04633761833455452
2104	55-59	-0.017285813708632247
2104	60-64	-0.17935140779662362
2104	65-69	-0.0030221221060529047
2104	70-74	-0.07282482316250594
2104	75-79	-0.11631366179788927
2104	80-84	-0.19108945162373914
2104	85-89	-0.19532644204054606
2104	90-94	-0.10444636701637933
2104	95-99	-0.03854575403488525
2104	100-104	-0.1986554713356412
2104	105-109	-0.056920627574278626
2104	110-114	-0.15103177511540622
2104	115-119	-0.08304141129983122
2104	120-124	-0.01929383255733086
2104	125-129	-0.34995144217342755
2104	130-134	-0.3164397148603868
2104	135-139	-0.3051069313574857
2104	140-144	-0.2064006788242878
2104	145-149	-0.11889506382687642
2104	150-151	-0.24259163513495707
2105	1	-0.04294751506836292
2105	2	-0.3659679663149831
2105	3	-0.23628055340083876
2105	4	-0.3230174860417563
2105	5	-0.2354707894329735
2105	6	-0.03827979191575537
2105	7	0.07853047100431354
2105	8	-0.25427913411005676
2105	9	-0.47940088313880125
2105	10-14	0.04807772276791411
2105	15-19	0.018061045750201288
2105	20-24	0.015594167421667748
2105	25-29	-0.011986400224849092
2105	30-34	0.09516759195349067
2105	35-39	0.024757623936721984
2105	40-44	-0.01118492763045964
2105	45-49	-0.026058995303131383
2105	50-54	0.07832344592551266
2105	55-59	0.06876744735783547
2105	60-64	0.03397236225575284
2105	65-69	-0.23973107178421316
2105	70-74	0.04932920727978285
2105	75-79	-0.119047330585488
2105	80-84	-0.0829061915554874
2105	85-89	0.12336521239473086
2105	90-94	-0.06876448413451897
2105	95-99	-0.13486968306449398
2105	100-104	-0.0759768160611003
2105	105-109	-0.16655353807749407
2105	110-114	-0.11639248703759364
2105	115-119	-0.05255142871337881
2105	120-124	-0.15599021194353213
2105	125-129	-0.11148560933612828
2105	130-134	-0.3208053033164262
2105	135-139	-0.19954161944787074
2105	140-144	-0.1156623960001184
2105	145-149	-0.186389397952631
2105	150-151	-0.2499942431008293
2106	1	-0.09071159601758438
2106	2	-0.19738991844985776
2106	3	-0.20782274572740533
2106	4	0.049701847657253495
2106	5	0.04158686234681852
2106	6	-0.06786349814284165
2106	7	-0.031327636908734746
2106	8	0.14936271467311002
2106	9	-0.1000416348926052
2106	10-14	-0.014212614712953098
2106	15-19	0.06471438447245248
2106	20-24	9.87798877538637E-4
2106	25-29	-0.07288740775970837
2106	30-34	-0.027969262459158983
2106	35-39	0.0494501670239913
2106	40-44	-9.064120843902401E-4
2106	45-49	0.09737376834478084
2106	50-54	-0.17446098780525432
2106	55-59	-0.13732900461825182
2106	60-64	0.02293278259122644
2106	65-69	-0.08244629162312833
2106	70-74	-0.22313716010957307
2106	75-79	-0.07121829395047996
2106	80-84	-0.020894802658588674
2106	85-89	-0.3186582293905431
2106	90-94	-0.12866806102761785
2106	95-99	-0.1379399218127233
2106	100-104	-0.20572327236757815
2106	105-109	-0.24680989651739793
2106	110-114	-0.08351191889185117
2106	115-119	-0.04364419986728052
2106	120-124	-0.1318887655969334
2106	125-129	-0.2370579411009004
2106	130-134	-0.08998310868032178
2106	135-139	-0.21945558925069264
2106	140-144	-0.18080934019596384
2106	145-149	-0.1756237147631694
2106	150-151	-0.1657755878278664
2107	1	-0.854009468358008
2107	2	-0.06441119504560078
2107	3	-0.31952487338698177
2107	4	-0.47423432255551035
2107	5	-0.14192377595105654
2107	6	0.07575352313375561
2107	7	-0.0020723177597972153
2107	8	-0.05542451936944559
2107	9	-0.0601480178713345
2107	10-14	-0.08868069981934212
2107	15-19	-0.09805157297435585
2107	20-24	-0.07879943516500987
2107	25-29	-0.03352570563205148
2107	30-34	-0.02344798586342023
2107	35-39	-0.09523068403983359
2107	40-44	-0.10383194399928897
2107	45-49	-0.20076452952756085
2107	50-54	-0.10531205163503188
2107	55-59	0.1270326975094065
2107	60-64	-0.20153530251516827
2107	65-69	-0.11037182353802422
2107	70-74	0.0260649675500062
2107	75-79	-0.06057999607814679
2107	80-84	0.06820094202227267
2107	85-89	-0.07876461236926247
2107	90-94	-0.073348912091447
2107	95-99	-0.15017396436591213
2107	100-104	-0.167159442580342
2107	105-109	-0.19255457736846893
2107	110-114	-0.21915021676419144
2107	115-119	-0.08593143390983471
2107	120-124	-0.0521015315543778
2107	125-129	-0.18546219642005468
2107	130-134	-0.10860012995691903
2107	135-139	-0.04711516371878588
2107	140-144	-0.31485189338744846
2107	145-149	-0.1758896722099763
2107	150-151	-0.3679032474023387
2108	1	-0.3880635849167504
2108	2	0.055067297091305534
2108	3	-0.16249434609743219
2108	4	-0.24423894790241718
2108	5	-0.08260370194550859
2108	6	0.2564889532910186
2108	7	0.1260497913983869
2108	8	-0.0957228542445634
2108	9	-0.25886448410629725
2108	10-14	0.03362503561081809
2108	15-19	-0.14370374688741094
2108	20-24	-0.07069351472097907
2108	25-29	-0.12943227362465848
2108	30-34	0.001725464645375041
2108	35-39	-0.031851868128640604
2108	40-44	-0.10809882651547298
2108	45-49	-0.19857905311683055
2108	50-54	-0.25713906366093653
2108	55-59	-0.06835351895681896
2108	60-64	-0.13042059391202088
2108	65-69	-0.10343380318649764
2108	70-74	-0.10368757639079718
2108	75-79	-0.09621829395047854
2108	80-84	-0.3128004455818001
2108	85-89	-0.38891724881699474
2108	90-94	-0.12102467527368788
2108	95-99	-0.37150837694686345
2108	100-104	-0.2761788690373308
2108	105-109	-0.2717752064156471
2108	110-114	-0.2128713083460667
2108	115-119	-0.38705308053333454
2108	120-124	-0.32929857133236595
2108	125-129	-0.2195625664477987
2108	130-134	-0.22315840932787268
2108	135-139	-0.32901849396854743
2108	140-144	-0.34836253168532494
2108	145-149	-0.1545321328945235
2108	150-151	-0.1078142094744905
2109	1	0.1496456687451868
2109	2	0.004751963447965579
2109	3	0.09610830444895413
2109	4	0.31362550222546304
2109	5	0.10729399626421099
2109	6	-0.2046538042072399
2109	7	0.0053801796801806745
2109	8	0.0402774945115425
2109	9	0.10153135407087177
2109	10-14	0.19648541691748989
2109	15-19	-0.011821626450291944
2109	20-24	0.15648330462336446
2109	25-29	0.08432615464784732
2109	30-34	0.09531125864676682
2109	35-39	0.03479832949981443
2109	40-44	0.015305614312246973
2109	45-49	0.013409437931770185
2109	50-54	0.02204600957784919
2109	55-59	0.07001255869952416
2109	60-64	-0.042865374195670825
2109	65-69	-0.06468118751572405
2109	70-74	0.032248833746379546
2109	75-79	0.08359454027412028
2109	80-84	-0.04276731375200171
2109	85-89	0.21085024711418043
2109	90-94	-0.012215677366228306
2109	95-99	0.17185072558743997
2109	100-104	0.17112989636606812
2109	105-109	-0.03517034708060862
2109	110-114	-0.24380888100358078
2109	115-119	-0.04008435233058805
2109	120-124	0.07917620197618191
2109	125-129	0.031550546781680566
2109	130-134	0.0073374055988892906
2109	135-139	-0.09707534121337602
2109	140-144	-0.0708224247334499
2109	145-149	-0.2739781919505617
2109	150-151	-0.17391075678906986
2110	1	-0.1851711133672893
2110	2	-0.304297672269648
2110	3	-0.30400295420948
2110	4	-0.26106853646383854
2110	5	-0.2758485224882534
2110	6	0.287091521134613
2110	7	-0.3185081309826998
2110	8	0.01474183790600847
2110	9	-0.112311376431947
2110	10-14	-0.1534022477273851
2110	15-19	-0.18855492867905355
2110	20-24	-0.05089996351001247
2110	25-29	-0.10819941689864976
2110	30-34	-0.13276899114686813
2110	35-39	-0.1635421219949933
2110	40-44	-0.06295803281835788
2110	45-49	-0.08431657864936426
2110	50-54	-0.2099943306583114
2110	55-59	-0.13879194907062953
2110	60-64	-0.08422129423299651
2110	65-69	-0.01438653152031577
2110	70-74	-0.23770056150898
2110	75-79	-0.14430554227263315
2110	80-84	-0.11563455704955317
2110	85-89	-0.31379031563929516
2110	90-94	-0.2930490406077979
2110	95-99	-0.08637487825996004
2110	100-104	-0.16082287253892957
2110	105-109	-0.14407678213785147
2110	110-114	-0.34717463487072564
2110	115-119	-0.08913434694709821
2110	120-124	-0.30197729908258
2110	125-129	-0.08899282615016801
2110	130-134	-0.2098588762085285
2110	135-139	-0.3348975426992169
2110	140-144	-0.32057729678599856
2110	145-149	-0.10259822568705346
2110	150-151	-0.1441634216133849
2111	1	-0.08590720343007519
2111	2	-0.07453473656928367
2111	3	0.005457968068064645
2111	4	0.03199994877827805
2111	5	0.2812345402237284
2111	6	-0.10097948990673444
2111	7	0.21721388677005393
2111	8	0.013352648326737437
2111	9	-0.02806153880475648
2111	10-14	0.033642567167618154
2111	15-19	0.07533552379983632
2111	20-24	-0.07989758204215747
2111	25-29	0.006671045683440013
2111	30-34	0.004594796108669641
2111	35-39	-0.13592503315902604
2111	40-44	0.1362618560464668
2111	45-49	-0.02548999280827502
2111	50-54	0.05937566284677587
2111	55-59	-0.07256693644163192
2111	60-64	-0.064747382130804
2111	65-69	-0.036778824224363404
2111	70-74	-0.08784489289384112
2111	75-79	0.0024376200280116223
2111	80-84	-0.026971787330282382
2111	85-89	-0.0238401099670682
2111	90-94	-0.017629397106318834
2111	95-99	-0.09137163080379196
2111	100-104	0.02703524970974769
2111	105-109	-0.17017983474664078
2111	110-114	0.013525372345846165
2111	115-119	-0.01632493654081202
2111	120-124	-0.08652157273488825
2111	125-129	-0.07598496008969846
2111	130-134	0.045489323257449144
2111	135-139	0.15457781271682336
2111	140-144	-0.11502919835199066
2111	145-149	-0.15000314738728093
2111	150-151	-0.19423017487888217
2112	1	-0.15532115377629907
2112	2	-0.060749058474364404
2112	3	-0.10575635383701609
2112	4	-0.7045451168074877
2112	5	-0.4367466566461644
2112	6	-0.18702914368143553
2112	7	0.057190242115439105
2112	8	-0.3155754606638652
2112	9	-0.1345047071884764
2112	10-14	-0.07547751389977009
2112	15-19	-0.2769782745450371
2112	20-24	-0.12379219443871392
2112	25-29	-0.14040996540703787
2112	30-34	-0.11048430089071104
2112	35-39	-0.1692949594102231
2112	40-44	-0.28464958909230376
2112	45-49	-0.0895163397091352
2112	50-54	-0.1521595507995599
2112	55-59	-0.10339506232126894
2112	60-64	-0.14768100820748487
2112	65-69	-0.1571385607553495
2112	70-74	-0.2549253410163388
2112	75-79	-0.07776279656828677
2112	80-84	-0.140421092064841
2112	85-89	-0.08229307399341934
2112	90-94	-0.14871930309067238
2112	95-99	-0.1436600955901568
2112	100-104	-0.2953286527841925
2112	105-109	-0.2569134946013918
2112	110-114	-0.312168485673638
2112	115-119	-0.23472835938604675
2112	120-124	-0.14187539810221494
2112	125-129	-0.15532685053612738
2112	130-134	-0.2323747762752859
2112	135-139	-0.2019441711822978
2112	140-144	-0.27401698194711344
2112	145-149	-0.2265301979980947
2112	150-151	-0.19292831145491363
2113	1	-0.2600331956611157
2113	2	-0.49006843020211477
2113	3	-0.0507825318474886
2113	4	-0.38255558801167666
2113	5	-0.31894560952574835
2113	6	-0.03519668294845246
2113	7	-0.05013960081650026
2113	8	-0.10876917794135466
2113	9	-0.2339811469790476
2113	10-14	-0.11369740918772209
2113	15-19	0.1617651809523437
2113	20-24	-0.1766717755905418
2113	25-29	-0.07182357797247363
2113	30-34	-0.04451571450327663
2113	35-39	-0.05672951438404539
2113	40-44	0.017968211954823232
2113	45-49	-0.013076549133224091
2113	50-54	-0.01341609530218335
2113	55-59	0.1814216916054292
2113	60-64	-0.1544872909300068
2113	65-69	-0.0016411785564045545
2113	70-74	0.16758774798890386
2113	75-79	0.026425685107106744
2113	80-84	-0.13047344808578742
2113	85-89	-0.035696215354668936
2113	90-94	-0.006310926127312655
2113	95-99	0.10188964262973599
2113	100-104	-0.009988338648071249
2113	105-109	-0.19094490821396448
2113	110-114	-0.08441979457415272
2113	115-119	-0.05305296671589588
2113	120-124	-0.10784398448965504
2113	125-129	-0.3103006725256563
2113	130-134	-0.14441666109203766
2113	135-139	-0.05796511359066869
2113	140-144	-0.15621593482669027
2113	145-149	-0.047472606375059456
2113	150-151	-0.2623000392036019
2114	1	-0.12251346654964124
2114	2	0.10665983996329942
2114	3	0.030776050576740488
2114	4	-0.38635887399514246
2114	5	-0.007267366129347863
2114	6	-0.18860747259962096
2114	7	-0.013883230138652891
2114	8	0.020410438670737108
2114	9	0.0052782204378445385
2114	10-14	-0.12377507409528477
2114	15-19	-0.12570761547104325
2114	20-24	-0.20097456443516393
2114	25-29	-0.24114628713582675
2114	30-34	-0.10885034804589111
2114	35-39	-0.18635342711010594
2114	40-44	-0.09503874798900114
2114	45-49	-0.07652884813963112
2114	50-54	-0.15646206152455733
2114	55-59	-0.1629237886028747
2114	60-64	-0.21477736970738448
2114	65-69	-0.2554503745820682
2114	70-74	-0.17653315061564
2114	75-79	-0.34432586367159956
2114	80-84	-0.3383713503684618
2114	85-89	-0.4431178377655485
2114	90-94	-0.2554630088957168
2114	95-99	-0.20039789135300623
2114	100-104	-0.2985805665949215
2114	105-109	-0.2617854552752874
2114	110-114	-0.04609421382559731
2114	115-119	-0.2933330331864852
2114	120-124	-0.25044009220538754
2114	125-129	-0.41332591883535486
2114	130-134	-0.1841384023990642
2114	135-139	-0.25117551804615346
2114	140-144	-0.25128417843167483
2114	145-149	-0.3233763213580616
2114	150-151	-0.4894525113394934
2115	1	-0.008648715579766986
2115	2	0.022419374005608006
2115	3	-0.04424146466413248
2115	4	0.15529602870377346
2115	5	-0.07373116970768478
2115	6	-0.019572327092411967
2115	7	-0.04792031016500431
2115	8	0.03517552530582435
2115	9	0.132318615288888
2115	10-14	0.0653079638317493
2115	15-19	0.005557350910152081
2115	20-24	0.0787088018372728
2115	25-29	0.08591920417975274
2115	30-34	0.08169665031237372
2115	35-39	0.07937003076443716
2115	40-44	0.02768087221784299
2115	45-49	0.1014594610906343
2115	50-54	0.08214257504726419
2115	55-59	0.008696292751501744
2115	60-64	-0.010607173850395668
2115	65-69	0.09062359724715208
2115	70-74	-0.04370383794505983
2115	75-79	0.022613727046888243
2115	80-84	1.0466682262944005E-4
2115	85-89	0.06089445950207306
2115	90-94	-0.09292784770322271
2115	95-99	0.14564470989554223
2115	100-104	-0.024903620834656692
2115	105-109	-0.09085970943973365
2115	110-114	0.09306986476816093
2115	115-119	-0.027314691853653983
2115	120-124	0.11759746883652866
2115	125-129	-9.659100515904129E-4
2115	130-134	0.2352277027341998
2115	135-139	-0.0898638094997608
2115	140-144	-0.040488515937298075
2115	145-149	-0.10735222875211292
2115	150-151	0.3167870971556539
2116	1	0.009172500348007873
2116	2	-0.11822014722155672
2116	3	-0.07859709238965706
2116	4	0.16809258088571966
2116	5	0.006622599300754928
2116	6	0.30375252967403554
2116	7	0.14970625110628077
2116	8	0.07553623897148043
2116	9	-0.18978071373467742
2116	10-14	0.1534785572935604
2116	15-19	0.09225322598803132
2116	20-24	0.033834060985327596
2116	25-29	0.0655305076306334
2116	30-34	0.08828794702284881
2116	35-39	0.08830617055629375
2116	40-44	0.15220470362607585
2116	45-49	0.04182936621435829
2116	50-54	0.1813245352788897
2116	55-59	0.1607454772649035
2116	60-64	0.0710272716493634
2116	65-69	0.18892930514260797
2116	70-74	0.19912427157626666
2116	75-79	0.09512411850087688
2116	80-84	0.10032832563570082
2116	85-89	0.16040322713178767
2116	90-94	0.10991129156779067
2116	95-99	0.17024922188018365
2116	100-104	0.05976400582873964
2116	105-109	0.1637538918756718
2116	110-114	-0.0024028314949902096
2116	115-119	-0.0035639641965588
2116	120-124	0.0070038027724237395
2116	125-129	-0.0724223476467003
2116	130-134	-0.04365339043653904
2116	135-139	-0.052162491036156666
2116	140-144	-0.035911169817623545
2116	145-149	-0.10181897099298709
2116	150-151	-0.03587382995607413
2117	1	0.07100702512705936
2117	2	-0.151022608537275
2117	3	0.19350497982100734
2117	4	-0.017199851171710634
2117	5	0.26985669576261273
2117	6	-0.3524173493716063
2117	7	0.09139076432278159
2117	8	0.1232342854026669
2117	9	-0.018996772613206758
2117	10-14	0.08112110346835522
2117	15-19	0.1430982978266755
2117	20-24	0.058728741205321455
2117	25-29	0.07675523339703005
2117	30-34	0.0019066240656613331
2117	35-39	-0.0067802469624780315
2117	40-44	0.11589426414850124
2117	45-49	0.1569722894289498
2117	50-54	0.032994067447923214
2117	55-59	0.07403638105440535
2117	60-64	0.21530179683059458
2117	65-69	0.012404304891255435
2117	70-74	0.09035382345192033
2117	75-79	0.016766202173549516
2117	80-84	0.18748182607306774
2117	85-89	0.020621005311745932
2117	90-94	0.20765609093236037
2117	95-99	-0.028222510190310857
2117	100-104	0.06084786953137211
2117	105-109	0.11690443632112846
2117	110-114	-0.025292665496955635
2117	115-119	-0.030395120753532012
2117	120-124	-0.12248473019091222
2117	125-129	-0.10741365059565311
2117	130-134	0.14648123790278333
2117	135-139	-0.03169375517514794
2117	140-144	-0.10055891411426643
2117	145-149	0.01420873891763108
2117	150-151	0.2049842120511869
2118	1	0.23932336035576185
2118	2	-0.19229440772898698
2118	3	-0.1367195556142775
2118	4	-0.3531806769085435
2118	5	0.14180430750384687
2118	6	0.03132865181174793
2118	7	0.2608436493206554
2118	8	0.10133898837875677
2118	9	0.09843556089060712
2118	10-14	0.05653619484361627
2118	15-19	0.0497815447488037
2118	20-24	0.043897435276207375
2118	25-29	-0.055135350288132656
2118	30-34	-0.04423395376961281
2118	35-39	0.12815361586933705
2118	40-44	-0.025375529367146044
2118	45-49	0.10316668623859471
2118	50-54	0.07472015226796458
2118	55-59	-0.005802897437057197
2118	60-64	-0.11692574043319581
2118	65-69	0.06798894274971445
2118	70-74	-0.15567376796512633
2118	75-79	0.09818662196155259
2118	80-84	0.01189090376292512
2118	85-89	-0.10970581960275894
2118	90-94	0.038203205934479456
2118	95-99	0.016202546052177524
2118	100-104	0.012708301219717555
2118	105-109	-0.11072776280239793
2118	110-114	-0.051835113959427304
2118	115-119	-0.24174189880207564
2118	120-124	-0.0732239889599029
2118	125-129	-0.0866381893737369
2118	130-134	0.11379740933459459
2118	135-139	0.051712283915478
2118	140-144	-0.12080755109024466
2118	145-149	-0.3215641650673149
2118	150-151	-0.05232564150104224
2119	1	0.17217845166652523
2119	2	0.014201364559539797
2119	3	-1.507542496989224
2119	4	-0.10480792619177492
2119	5	0.22158742005574794
2119	6	0.1311897909455837
2119	7	-0.04641017783063006
2119	8	0.08106428462374993
2119	9	0.217604972842814
2119	10-14	-0.03977729500631
2119	15-19	0.016397968310052136
2119	20-24	-0.08453547152763718
2119	25-29	-0.0336846526775858
2119	30-34	-0.09918555592560807
2119	35-39	0.03377366608982868
2119	40-44	-0.025150367913845173
2119	45-49	-0.15168962921803342
2119	50-54	-0.057180376556260626
2119	55-59	-0.12737041450643005
2119	60-64	0.01748954341774578
2119	65-69	-0.010877247257376155
2119	70-74	-0.11301788011181202
2119	75-79	-0.1647307448023838
2119	80-84	0.10904196709128655
2119	85-89	-0.05509195962672919
2119	90-94	-0.24169893021699096
2119	95-99	-0.161189412903326
2119	100-104	-0.07300632359314108
2119	105-109	-0.1425406346451794
2119	110-114	-0.0332748925958839
2119	115-119	-0.3316816918502141
2119	120-124	-0.11506129285494637
2119	125-129	-0.17156339270571408
2119	130-134	-0.15484326316570218
2119	135-139	-0.034837201587215816
2119	140-144	-0.14482386851364026
2119	145-149	-0.18903766027499813
2119	150-151	-0.08847015853142182
2120	1	-0.42411804480020976
2120	2	-0.15127234880739593
2120	3	0.15552447954129178
2120	4	-0.13649578340218937
2120	5	-0.05492553072183881
2120	6	-0.12209688265699015
2120	7	-0.29001923594361045
2120	8	0.13335043127762702
2120	9	-0.23748954013498746
2120	10-14	-0.13175483888492323
2120	15-19	0.0532370868194576
2120	20-24	-0.06842435291012805
2120	25-29	0.048279514811028434
2120	30-34	0.05517122887666659
2120	35-39	0.04346749538547812
2120	40-44	-0.04905019361542173
2120	45-49	0.14406438032109037
2120	50-54	-0.00529011700024995
2120	55-59	0.1253656652654911
2120	60-64	-6.469498062315893E-4
2120	65-69	-0.05709807929586219
2120	70-74	0.002671679548242878
2120	75-79	0.15816314934848208
2120	80-84	0.09864621510847371
2120	85-89	-0.020763954330220713
2120	90-94	0.04422073037400054
2120	95-99	0.08378633394512036
2120	100-104	0.1335589167089708
2120	105-109	-0.016189146352893147
2120	110-114	-0.1007635091528769
2120	115-119	-0.08150063768259486
2120	120-124	-0.033511928571257954
2120	125-129	-0.11169053596820078
2120	130-134	-0.1213935056972062
2120	135-139	-0.031366095940754235
2120	140-144	-0.1767130471492422
2120	145-149	-0.1091096765969084
2120	150-151	-0.08779796115535277
2121	1	0.19687479780271389
2121	2	0.06035842143359105
2121	3	0.41503265473336626
2121	4	-0.2963782444961538
2121	5	0.2505311637426715
2121	6	-0.13457307938691088
2121	7	0.18456543803367254
2121	8	-0.09819793040075098
2121	9	0.028739365242913095
2121	10-14	0.09570133026603855
2121	15-19	0.07465543339506553
2121	20-24	-0.016034832915387653
2121	25-29	0.021552218205869167
2121	30-34	0.09354144359857486
2121	35-39	-0.023777235063008106
2121	40-44	0.018591148560680892
2121	45-49	0.059531581056532445
2121	50-54	0.053889737225247814
2121	55-59	-0.061921090266714884
2121	60-64	0.0957231335872919
2121	65-69	0.030447393158006264
2121	70-74	0.1968157467883742
2121	75-79	0.027061960826586073
2121	80-84	0.054296618943261876
2121	85-89	0.18032672792075033
2121	90-94	0.0426342834634994
2121	95-99	-3.8334233040870913E-4
2121	100-104	0.0533711171160931
2121	105-109	0.05570263905652695
2121	110-114	0.08947222530112953
2121	115-119	0.03977259102579467
2121	120-124	-0.04358547246777533
2121	125-129	-0.03385154457020434
2121	130-134	-0.04420590309691619
2121	135-139	0.1950558621654892
2121	140-144	-0.10594214951971992
2121	145-149	-0.04047023868240274
2121	150-151	0.14116979772573046
2122	1	0.015042311215339055
2122	2	-0.42794811455241444
2122	3	0.11672921557770621
2122	4	0.011352950629266445
2122	5	-0.0702201105611735
2122	6	-0.09977140207663382
2122	7	0.2685682168111754
2122	8	0.1363409348201685
2122	9	0.07046120291878566
2122	10-14	0.017187139250196992
2122	15-19	-0.030541717521003875
2122	20-24	-0.1581435232909385
2122	25-29	-0.03227035852437865
2122	30-34	0.09695699638278654
2122	35-39	0.0935487774749717
2122	40-44	0.018627306147500633
2122	45-49	0.012566893292351722
2122	50-54	0.12721933204265667
2122	55-59	-0.08825653558255198
2122	60-64	-0.10080138577626485
2122	65-69	-0.002089747881683479
2122	70-74	0.0231642490105628
2122	75-79	0.012290247442422242
2122	80-84	0.20362745249281033
2122	85-89	-0.03253834234381969
2122	90-94	-0.09724803698311035
2122	95-99	-0.10860701717995624
2122	100-104	0.034363609394944206
2122	105-109	-0.015915496651608407
2122	110-114	-0.002592356166438492
2122	115-119	0.01398888370136575
2122	120-124	-0.03126109204309557
2122	125-129	-0.1526533223182298
2122	130-134	-0.002848319628967033
2122	135-139	-0.1324200537011606
2122	140-144	-0.20079354351187106
2122	145-149	-0.1962799761214029
2122	150-151	0.0397979855777848
2123	1	-0.18566825480402827
2123	2	-0.22237904917999884
2123	3	-0.23641571874443912
2123	4	-0.1839704710297383
2123	5	-0.15305458761378077
2123	6	0.35802846131478105
2123	7	-0.24179406445146157
2123	8	-0.06281222622524041
2123	9	0.28371492063577364
2123	10-14	-0.04884414646480195
2123	15-19	-0.09444365471126304
2123	20-24	0.01987994854739128
2123	25-29	-0.03363711564808369
2123	30-34	-0.05505378461888455
2123	35-39	-0.07668431301730294
2123	40-44	-0.03836633165179393
2123	45-49	-0.17262466919767405
2123	50-54	-0.05013284454826561
2123	55-59	-0.11058448680623911
2123	60-64	-0.0323265853607424
2123	65-69	-0.21122574055114995
2123	70-74	-0.1471762487213013
2123	75-79	-0.04050309599390545
2123	80-84	-0.013813133682198497
2123	85-89	-0.16650067932396695
2123	90-94	-0.0384694251209865
2123	95-99	-0.039799925616968324
2123	100-104	-0.072859695290866
2123	105-109	-0.00667511757118433
2123	110-114	-0.15165816491777662
2123	115-119	-0.16176225372451825
2123	120-124	-0.23986273369562383
2123	125-129	-0.2158873207373304
2123	130-134	-0.30284009626218733
2123	135-139	-0.009031959458027927
2123	140-144	-0.24248769132772452
2123	145-149	-0.13704018442431476
2123	150-151	0.012269845720140893
2124	1	-0.04786939514229971
2124	2	-0.08492053968241464
2124	3	-0.08756043530379998
2124	4	0.16428374741228424
2124	5	0.0434860668828847
2124	6	-0.017830468498736707
2124	7	0.19098595203734448
2124	8	-0.04096372830947104
2124	9	0.19934112363316814
2124	10-14	0.07568237854349036
2124	15-19	0.06582294190274496
2124	20-24	0.09564387770829086
2124	25-29	-0.010115945372227486
2124	30-34	-0.09701532505034294
2124	35-39	0.0075844050025750676
2124	40-44	0.019643875548759127
2124	45-49	0.0312391312579976
2124	50-54	-0.10535746739567742
2124	55-59	-0.07928284569061361
2124	60-64	-0.06362690472815302
2124	65-69	-0.05309773254135308
2124	70-74	-0.1013400034114369
2124	75-79	-0.18434895371763105
2124	80-84	0.004128937398121479
2124	85-89	0.04035886345028672
2124	90-94	-0.08650572032684778
2124	95-99	-0.08056330129581823
2124	100-104	-0.008507740177442713
2124	105-109	-0.09675622334572864
2124	110-114	0.02216229871844888
2124	115-119	-0.0880549647787845
2124	120-124	-0.013198115738681793
2124	125-129	-0.03385681809300678
2124	130-134	-0.1863319567714825
2124	135-139	-0.03832652591635366
2124	140-144	-0.028181419136821262
2124	145-149	-0.007463259504568498
2124	150-151	-0.261898733350975
2125	1	0.11053184139606742
2125	2	0.05987037444873522
2125	3	-0.04422783000482866
2125	4	-0.22350207607858863
2125	5	0.04656061200141437
2125	6	0.18594970992568705
2125	7	0.07833663498958288
2125	8	-0.18546734888035843
2125	9	0.22399124711899532
2125	10-14	-0.003575698437742858
2125	15-19	0.17305232312953933
2125	20-24	-0.0797886587074288
2125	25-29	-0.031044357193259486
2125	30-34	-0.08311502095597945
2125	35-39	-0.191695176993683
2125	40-44	-0.1199579456571982
2125	45-49	-0.14999774312248348
2125	50-54	-0.08100975818380363
2125	55-59	-0.1052662801087223
2125	60-64	-0.08138332683127203
2125	65-69	-0.03244283763031319
2125	70-74	-0.2747335955889909
2125	75-79	-0.0864130991452896
2125	80-84	-0.01943652689179487
2125	85-89	-0.02375632278650386
2125	90-94	-0.08890016934483214
2125	95-99	-0.07372605057758364
2125	100-104	0.07377313547989672
2125	105-109	-0.05899005678266889
2125	110-114	-0.21395402997226398
2125	115-119	-0.0692058190991176
2125	120-124	-0.2664922472216844
2125	125-129	-0.1367153050135883
2125	130-134	-0.050737460711268056
2125	135-139	0.01595750829006448
2125	140-144	-0.17303785636065072
2125	145-149	-0.02346635085049087
2125	150-151	0.17173477415057903
2126	1	0.23151542633904398
2126	2	0.12771268442302386
2126	3	0.10681706418727543
2126	4	0.2238972251278213
2126	5	0.0766878451743338
2126	6	-0.18350773618150384
2126	7	0.010402031521984156
2126	8	0.2716491386929789
2126	9	0.08905815990164712
2126	10-14	0.09693059729697495
2126	15-19	0.15004487372615216
2126	20-24	0.059368833546514566
2126	25-29	0.06269418852498632
2126	30-34	-0.12330488185651234
2126	35-39	0.29238946932446197
2126	40-44	0.0392720629129073
2126	45-49	0.15022639821841466
2126	50-54	0.12746146602346187
2126	55-59	0.11517936561611464
2126	60-64	0.06932008143559187
2126	65-69	0.09319497633237717
2126	70-74	0.08186472994334082
2126	75-79	0.03309642686169667
2126	80-84	0.22941705607346563
2126	85-89	0.1363531109269971
2126	90-94	-0.03267497322115531
2126	95-99	0.024102415372716735
2126	100-104	0.1346631084510861
2126	105-109	0.16085831819260932
2126	110-114	0.17983725488500824
2126	115-119	0.09142573209081206
2126	120-124	-0.0406316103965807
2126	125-129	0.032647210643339974
2126	130-134	0.06793351298509265
2126	135-139	-0.033495982381701594
2126	140-144	-0.073235628132025
2126	145-149	-0.14044307970538483
2126	150-151	0.0991558302518385
2127	1	0.041662524250888566
2127	2	0.06880869028359626
2127	3	-0.019302053354913085
2127	4	-0.29125016451632746
2127	5	0.2632927942508374
2127	6	0.05662360818579515
2127	7	-0.1753828256264356
2127	8	0.044467467261355864
2127	9	0.29137775588481674
2127	10-14	-0.03300762028344906
2127	15-19	0.01539031719167383
2127	20-24	-0.10170370407074358
2127	25-29	0.12115215638256416
2127	30-34	-0.13883411667508483
2127	35-39	-0.06442377661883825
2127	40-44	-0.009247557705428733
2127	45-49	0.030695892743572983
2127	50-54	0.013724115860412667
2127	55-59	-0.07227031056103073
2127	60-64	0.11582156278740996
2127	65-69	0.059527771581684874
2127	70-74	-0.0036258017225776484
2127	75-79	0.08363483504057712
2127	80-84	0.022968475513209796
2127	85-89	0.05878667699786888
2127	90-94	0.14646033222255994
2127	95-99	-0.01017029598733643
2127	100-104	-0.0789899634901019
2127	105-109	0.07965949290136365
2127	110-114	-9.557383532836639E-4
2127	115-119	0.039514885483662
2127	120-124	-0.06412837865092058
2127	125-129	-0.007458201963380873
2127	130-134	0.07161711957434136
2127	135-139	-0.05909581641843431
2127	140-144	-0.035080283920322586
2127	145-149	0.0044668398413278965
2127	150-151	0.03972833869586623
2128	1	-0.12096208840294764
2128	2	0.28402080029407273
2128	3	0.22630164052463897
2128	4	0.4104504121111887
2128	5	0.13310119006742127
2128	6	-0.007632978572253535
2128	7	0.2907513389297094
2128	8	-0.13814179308023
2128	9	-0.00670686832488343
2128	10-14	0.07717202841167392
2128	15-19	0.10745690160192112
2128	20-24	0.1481000627406175
2128	25-29	0.050601454622047015
2128	30-34	0.03676103519125462
2128	35-39	0.103424618465084
2128	40-44	0.07989575995922138
2128	45-49	0.19094605883827853
2128	50-54	0.021755273394788333
2128	55-59	0.060463583248264285
2128	60-64	0.07699253459544053
2128	65-69	0.07807376441171954
2128	70-74	0.06264157161668749
2128	75-79	-0.054464708552828256
2128	80-84	0.011572464117193704
2128	85-89	-0.02787762521289494
2128	90-94	0.02237635074524036
2128	95-99	-0.044931793986712876
2128	100-104	-0.09780037575463751
2128	105-109	-0.10854253819955773
2128	110-114	0.1671177795741201
2128	115-119	-0.11800583264489006
2128	120-124	-0.0743101919887934
2128	125-129	0.15127738026723136
2128	130-134	0.07287993883833366
2128	135-139	-0.07535727861794328
2128	140-144	0.050724821639320794
2128	145-149	0.09234800428590262
2128	150-151	0.059868674148887635
2129	1	0.2672174093492359
2129	2	-0.034093408247443335
2129	3	-0.29196882140779223
2129	4	0.10570955735840215
2129	5	-0.23860492668524813
2129	6	-0.032890604689271186
2129	7	-0.11207858359465206
2129	8	-0.08870495634332087
2129	9	0.03295411523679803
2129	10-14	-0.051236206943322316
2129	15-19	0.004989400137041855
2129	20-24	0.030370477930581785
2129	25-29	0.024591274780398464
2129	30-34	-0.010299948704286521
2129	35-39	-0.045867483560357414
2129	40-44	-0.03978966323540334
2129	45-49	0.016053107435411107
2129	50-54	-0.009745810863520887
2129	55-59	0.01617509541716089
2129	60-64	0.06636863951224115
2129	65-69	0.009371685874356217
2129	70-74	0.0791570208368384
2129	75-79	0.030894382105856266
2129	80-84	0.03245299203997831
2129	85-89	-0.06491234985802663
2129	90-94	-0.059553178307702126
2129	95-99	0.016356261476566658
2129	100-104	0.010762343455013479
2129	105-109	-0.09344405349018814
2129	110-114	-0.04472776328121597
2129	115-119	-0.03193492098314721
2129	120-124	-0.04994935349569829
2129	125-129	-0.11153147475933167
2129	130-134	-0.17918816493661893
2129	135-139	-0.2996964152511836
2129	140-144	-0.11084652656369087
2129	145-149	-0.0020944832814322467
2129	150-151	-0.08143881282582299
2130	1	0.18384411470833584
2130	2	-0.16555375097539127
2130	3	0.18551359973660198
2130	4	-0.31431756689407564
2130	5	0.2118817773225814
2130	6	0.010636734612710086
2130	7	-0.15437659772365464
2130	8	-0.086836250249263
2130	9	-0.03743381430606263
2130	10-14	-0.09724131210335685
2130	15-19	-0.06230511222790369
2130	20-24	-0.06122776014652942
2130	25-29	-0.032055238204137027
2130	30-34	-0.1610277388687038
2130	35-39	-0.07539238069089294
2130	40-44	-0.08538675108600557
2130	45-49	-0.05206864519337984
2130	50-54	-0.10955778673183403
2130	55-59	-0.053701988544425205
2130	60-64	-0.004472129920081613
2130	65-69	0.08331707812960332
2130	70-74	-0.05515713601253225
2130	75-79	-0.060986633718819405
2130	80-84	-0.08742763488289995
2130	85-89	-0.031080530110720872
2130	90-94	-0.08814668859135111
2130	95-99	-0.02130063815216232
2130	100-104	0.08045618216294059
2130	105-109	-0.028424946217569413
2130	110-114	-0.22252311854135343
2130	115-119	-0.004509434402727663
2130	120-124	0.10269460196516178
2130	125-129	-0.2085440168422963
2130	130-134	0.005160515186702241
2130	135-139	-0.08705875472620761
2130	140-144	-0.023652106974907383
2130	145-149	-0.07863892602306066
2130	150-151	-0.12873322631742212
2131	1	0.19942256850335127
2131	2	0.25271510933168173
2131	3	0.11184794135756704
2131	4	-0.27090053748978704
2131	5	0.09511715100381224
2131	6	0.061605264562132334
2131	7	0.2253297692438636
2131	8	0.15148359826167024
2131	9	0.01854828244036355
2131	10-14	-0.03627319202695389
2131	15-19	-0.1841980697896446
2131	20-24	-0.07514311317016364
2131	25-29	-0.019212113004321907
2131	30-34	0.04921023340748576
2131	35-39	-0.07728041977638611
2131	40-44	0.054259938369597194
2131	45-49	0.04985005239411322
2131	50-54	0.03656489646091643
2131	55-59	-0.07364083548964118
2131	60-64	-0.0494997963490178
2131	65-69	0.10586140589686721
2131	70-74	-0.09566832964474514
2131	75-79	-0.05497625573391929
2131	80-84	0.15671700110886633
2131	85-89	0.09523118651947016
2131	90-94	0.028366767539935722
2131	95-99	0.08063576594984312
2131	100-104	-0.21006837332977568
2131	105-109	-0.17053939916003458
2131	110-114	-0.026196564507792175
2131	115-119	0.06474074389203821
2131	120-124	0.08686038740483326
2131	125-129	-0.09601714966575514
2131	130-134	-0.01668997953003526
2131	135-139	-0.06532630343961188
2131	140-144	-0.08606953805475115
2131	145-149	-0.021616735497694606
2131	150-151	-0.012970329662806535
2132	1	0.030747908514790367
2132	2	0.21099093530380486
2132	3	-0.07769524754304058
2132	4	0.19408210964719075
2132	5	-0.0705523635186367
2132	6	0.10421197863043119
2132	7	-0.11187138707685307
2132	8	-0.038932467832204054
2132	9	0.146390971288632
2132	10-14	-0.04698220343717452
2132	15-19	0.06506473549592329
2132	20-24	0.018397756647132724
2132	25-29	0.05042673808314646
2132	30-34	-0.07352531862292011
2132	35-39	-0.03455002126446516
2132	40-44	0.04664819156840849
2132	45-49	0.04099179830954114
2132	50-54	-0.0018004718948745335
2132	55-59	0.019381461530173283
2132	60-64	-0.10606095009296013
2132	65-69	-0.07007069649710473
2132	70-74	-0.01097540687504761
2132	75-79	-0.041825120751994405
2132	80-84	-0.0018477439932809148
2132	85-89	0.009780052342783563
2132	90-94	0.1358234256442472
2132	95-99	-0.07195154190041109
2132	100-104	-0.040540161842258726
2132	105-109	0.08771951682955859
2132	110-114	0.07280381395371904
2132	115-119	-0.08285022778776607
2132	120-124	-0.0058417472791418845
2132	125-129	0.02076544432556915
2132	130-134	0.1316875479084345
2132	135-139	-0.18951772444181358
2132	140-144	-0.08982902978900142
2132	145-149	0.024817754424766747
2132	150-151	-0.13596549018684811
2133	1	0.03645948518084907
2133	2	0.1372822482891749
2133	3	-0.45109239401224954
2133	4	0.14495803523866613
2133	5	0.09363853407933931
2133	6	-0.016137488590082683
2133	7	-0.10232199209762172
2133	8	-0.09966029878759741
2133	9	-0.00847628534853584
2133	10-14	-0.08413228470861611
2133	15-19	-0.1347862668519042
2133	20-24	-0.09299830620278726
2133	25-29	-0.16672153715614968
2133	30-34	-0.03346752559420452
2133	35-39	-0.3096358077914587
2133	40-44	-0.15806555233623243
2133	45-49	-0.2875209342170919
2133	50-54	-0.16310623313742667
2133	55-59	-0.025507467492765556
2133	60-64	-0.10393434723943074
2133	65-69	-0.22390851481026885
2133	70-74	-0.10633841933667298
2133	75-79	-0.1548917633382345
2133	80-84	-0.13277604451702985
2133	85-89	-0.22449843781433998
2133	90-94	-0.2644474791778606
2133	95-99	-0.14226037339761177
2133	100-104	-0.2027760296406953
2133	105-109	-0.27850768201458465
2133	110-114	-0.13808204481456698
2133	115-119	-0.0879071178004125
2133	120-124	-0.05001729360387941
2133	125-129	-0.12296762412304929
2133	130-134	-0.13636825848492862
2133	135-139	-0.046398706923298505
2133	140-144	-0.12285232760369524
2133	145-149	0.1207451519324465
2133	150-151	-0.12026429820563322
2134	1	0.1774798933441204
2134	2	0.43332816665652274
2134	3	-0.14292912870612895
2134	4	0.045978443401935465
2134	5	0.28685281979362287
2134	6	-0.1455762641002849
2134	7	0.22181066096360524
2134	8	-0.14670111511412642
2134	9	0.020809428937177188
2134	10-14	0.11625547039342621
2134	15-19	0.03294842702564438
2134	20-24	0.1493282244094516
2134	25-29	0.1736764220275191
2134	30-34	0.01907329073232944
2134	35-39	0.07634378404527098
2134	40-44	0.10244465174540096
2134	45-49	0.11420355557881834
2134	50-54	0.04323050155645092
2134	55-59	0.13679865495621613
2134	60-64	0.09868810174015863
2134	65-69	-0.00802075970823779
2134	70-74	0.07868198882659527
2134	75-79	0.18628170604951322
2134	80-84	0.14976477180950099
2134	85-89	0.006256664226476971
2134	90-94	0.26073619429153183
2134	95-99	0.16770901435749153
2134	100-104	0.21473417444092746
2134	105-109	0.17409435880174584
2134	110-114	0.14601999600175475
2134	115-119	0.16116431077101367
2134	120-124	0.16846229823286052
2134	125-129	0.05315482485654144
2134	130-134	0.22508072110691302
2134	135-139	-0.01506197222941097
2134	140-144	-0.13036253168532852
2134	145-149	0.12616351927938751
2134	150-151	0.10050100791681871
2135	1	0.07387229840740872
2135	2	0.09258449577044559
2135	3	0.4747923902812161
2135	4	0.14914300036395645
2135	5	0.2239730729581808
2135	6	0.04989841944401974
2135	7	0.10684230653322402
2135	8	0.12171660640485982
2135	9	0.24125246691185964
2135	10-14	0.0963947108997587
2135	15-19	0.1372015915826026
2135	20-24	0.06104974339680069
2135	25-29	0.10767009291360097
2135	30-34	0.15819354389687845
2135	35-39	0.07769821442501268
2135	40-44	-0.11647939888751324
2135	45-49	0.16186811254084432
2135	50-54	0.0815153116830345
2135	55-59	0.09562143976634019
2135	60-64	0.04642860806927018
2135	65-69	0.13256784788670473
2135	70-74	0.050947811611408156
2135	75-79	0.19068044022672836
2135	80-84	0.059011607252543286
2135	85-89	0.027560461694839944
2135	90-94	0.08486277657000585
2135	95-99	0.07576597638280447
2135	100-104	0.007924047858651306
2135	105-109	0.009252586649850514
2135	110-114	0.038855439039735984
2135	115-119	-0.02287999302645005
2135	120-124	0.1235192602581705
2135	125-129	-0.08481985868775865
2135	130-134	0.11538451857526155
2135	135-139	0.03467853409969024
2135	140-144	-0.07165367092583352
2135	145-149	0.14286605092495108
2135	150-151	0.015627590195293806
2136	1	-0.0760310180807835
2136	2	-0.1657652223036834
2136	3	0.2016151588420101
2136	4	0.22486162697061474
2136	5	-0.1063660505529711
2136	6	-0.06124699580760051
2136	7	0.06451605249120718
2136	8	0.2549741095328599
2136	9	0.4715347177690177
2136	10-14	0.18512710068868188
2136	15-19	0.08336691226313064
2136	20-24	0.040401395141159924
2136	25-29	0.206867051039076
2136	30-34	0.20515865658598642
2136	35-39	0.11809859790920285
2136	40-44	0.0691776427595201
2136	45-49	0.0932478431269601
2136	50-54	0.1566509123395079
2136	55-59	0.05937503493053953
2136	60-64	0.23437680520613213
2136	65-69	0.22802096044581077
2136	70-74	0.11769225840297537
2136	75-79	0.24027079462461387
2136	80-84	0.19654333406880653
2136	85-89	0.12294857693508021
2136	90-94	0.0933241275392831
2136	95-99	0.09128603618033537
2136	100-104	0.2637482951084493
2136	105-109	0.06786521887876518
2136	110-114	0.048374296386867854
2136	115-119	0.20330872668886002
2136	120-124	0.05518822891321662
2136	125-129	0.19156304051764295
2136	130-134	0.28245427694773184
2136	135-139	0.11828783521602304
2136	140-144	0.29258740412981865
2136	145-149	0.14073283891995203
2136	150-151	0.17738804257663787
2137	1	-0.076633535599818
2137	2	-0.22054243308271992
2137	3	0.20022602122867994
2137	4	-0.2831610611613016
2137	5	-0.010314716060349838
2137	6	-0.002417854713065992
2137	7	0.22816985261940914
2137	8	0.031349732343500136
2137	9	-0.09014885007194806
2137	10-14	-0.0167002010537729
2137	15-19	0.004718961575832736
2137	20-24	-0.04068742096212219
2137	25-29	0.022961298168333144
2137	30-34	0.02268020077143973
2137	35-39	-0.08536286523764858
2137	40-44	-0.04057360118810749
2137	45-49	-0.04947115107045619
2137	50-54	0.08433675970508148
2137	55-59	0.03178040202270438
2137	60-64	-1.912985206047324E-4
2137	65-69	0.07077259100885414
2137	70-74	-0.010370162411994954
2137	75-79	-0.08262637739246514
2137	80-84	0.04651379397378008
2137	85-89	-0.0018020059169359115
2137	90-94	-0.11008779527822554
2137	95-99	0.09900562452697415
2137	100-104	-0.004971171061022517
2137	105-109	-0.05430525006396891
2137	110-114	0.07793916158194492
2137	115-119	-0.06794064359664986
2137	120-124	-0.07274565483103146
2137	125-129	-0.09174739157109713
2137	130-134	0.018121138316821828
2137	135-139	-0.03728687444584722
2137	140-144	-0.09164805971661849
2137	145-149	-0.041680678895318124
2137	150-151	-0.026180869527777872
2138	1	0.064356568947332
2138	2	0.11668942671014548
2138	3	0.1299931233045939
2138	4	-0.14584461289833683
2138	5	-0.06200106760584134
2138	6	-0.19182961530672316
2138	7	-0.0967617250953765
2138	8	-0.008001383210640256
2138	9	0.1575520562830235
2138	10-14	-0.13083032049129173
2138	15-19	0.11555432514896324
2138	20-24	0.13458827802875817
2138	25-29	-0.023298108803579964
2138	30-34	0.04551699046423607
2138	35-39	-0.0430958942389168
2138	40-44	0.04291382064619853
2138	45-49	0.04253733573968077
2138	50-54	0.1229664264894268
2138	55-59	0.13296219383020969
2138	60-64	-0.016779726678073814
2138	65-69	0.0020476049030264676
2138	70-74	0.010164562553143242
2138	75-79	-0.1378402778646901
2138	80-84	-0.10432772148808311
2138	85-89	0.08443628889136079
2138	90-94	0.026371583031476575
2138	95-99	-0.10605640119211301
2138	100-104	-0.1401344582668429
2138	105-109	-0.151823871761259
2138	110-114	-0.2731274570813511
2138	115-119	-0.12421504579734943
2138	120-124	-0.1618956106143301
2138	125-129	-0.2563894110683833
2138	130-134	-0.21519273733812838
2138	135-139	-0.08311425104979264
2138	140-144	-0.1502392072885499
2138	145-149	-0.1480817890316004
2138	150-151	-0.04195207519310884
2139	1	-0.10470356918818169
2139	2	0.06215568603636967
2139	3	0.0772259100535635
2139	4	0.09907921859573321
2139	5	0.06055437018122234
2139	6	0.1282028056671578
2139	7	0.2335096273718733
2139	8	0.035378988245049925
2139	9	0.009426999996613006
2139	10-14	0.2092864781453656
2139	15-19	0.02630243219359585
2139	20-24	-0.00948831305824882
2139	25-29	0.09535988455982647
2139	30-34	-0.0022277428594037474
2139	35-39	0.12758667810211932
2139	40-44	0.07661777836037942
2139	45-49	0.1574890852945856
2139	50-54	-0.0269542529655169
2139	55-59	0.18049632937482585
2139	60-64	0.1687901689236213
2139	65-69	1.2041160530884554E-6
2139	70-74	0.11877759606173299
2139	75-79	0.041055607858297094
2139	80-84	0.09652575372165018
2139	85-89	0.08573728438151562
2139	90-94	0.005588907469821436
2139	95-99	0.03792736061071622
2139	100-104	-0.1034932157399453
2139	105-109	0.008894100403814775
2139	110-114	-0.005137626737258927
2139	115-119	-0.05778530163208728
2139	120-124	0.01705015353001471
2139	125-129	0.0026638687841895603
2139	130-134	0.07309622498287638
2139	135-139	0.02515379004448448
2139	140-144	-0.05198010274475706
2139	145-149	-0.15168273395058662
2139	150-151	0.011185762438778113
2140	1	7.451994665643724E-4
2140	2	-0.3359320374251098
2140	3	-0.12456178176735477
2140	4	-0.08973584231235066
2140	5	0.10894465652831542
2140	6	-0.21766810083497745
2140	7	-0.11507709413843514
2140	8	-0.09710927837943473
2140	9	-0.17939465269547128
2140	10-14	0.08270444998526472
2140	15-19	0.053989243352170035
2140	20-24	-0.021059530692582484
2140	25-29	0.0031764220275221078
2140	30-34	-0.15132466845134473
2140	35-39	-0.03667662411799455
2140	40-44	0.06132220276580824
2140	45-49	0.04870355557882533
2140	50-54	0.05322029747482304
2140	55-59	-0.11224216137031107
2140	60-64	-0.009546592137390064
2140	65-69	-0.06931667807558028
2140	70-74	-0.26297107239790307
2140	75-79	-0.15591217150150527
2140	80-84	-0.15216379961906057
2140	85-89	0.015297480553016385
2140	90-94	-0.05577400979010605
2140	95-99	-0.168280781560874
2140	100-104	-0.09614337657946948
2140	105-109	-0.06779339630029568
2140	110-114	-0.06665347338599759
2140	115-119	-0.017498954535106748
2140	120-124	-0.0592009670732736
2140	125-129	-0.07092680779651772
2140	130-134	-0.17310295236247697
2140	135-139	-0.11374564569881329
2140	140-144	-0.291219674542468
2140	145-149	-0.18537729704714678
2140	150-151	-0.243988788001559
2141	1	0.09855178037877721
2141	2	0.026789334820840338
2141	3	-0.21943747273693504
2141	4	-0.04984954119370144
2141	5	0.08105371838155406
2141	6	0.013207432947211828
2141	7	-0.1947907511031488
2141	8	0.13687398116315563
2141	9	-0.054781071704667283
2141	10-14	0.007976908134125438
2141	15-19	-0.012140148070635348
2141	20-24	0.09996493814501406
2141	25-29	-0.024711896329350225
2141	30-34	-0.059282935198353925
2141	35-39	-0.1268307987531898
2141	40-44	-0.19064263965383077
2141	45-49	-0.0027726960258007693
2141	50-54	-0.024093631948034044
2141	55-59	-0.006350253901295844
2141	60-64	-0.05830612162313287
2141	65-69	0.043682064425276224
2141	70-74	-0.0851318751015242
2141	75-79	-0.1520270230904046
2141	80-84	-0.040170401489604046
2141	85-89	-0.05060726388649073
2141	90-94	0.036327978630424695
2141	95-99	0.10206909137930609
2141	100-104	-0.023799843530824205
2141	105-109	-0.050748388309941106
2141	110-114	-0.021972301815956996
2141	115-119	-0.042134148792527526
2141	120-124	0.03618951261025671
2141	125-129	0.07859770033793012
2141	130-134	-0.22075496567101283
2141	135-139	0.03356383008123487
2141	140-144	-0.2152431478599084
2141	145-149	-0.044633014738586496
2141	150-151	0.02077700278202599
2142	1	-0.31844794170743285
2142	2	0.21728435222353681
2142	3	-0.04292912870612753
2142	4	0.16762792793801395
2142	5	-0.1477090358764812
2142	6	-0.21745770739925518
2142	7	-0.10702954522196251
2142	8	-0.008402146041959213
2142	9	-0.0596544885885919
2142	10-14	-0.0662909213591476
2142	15-19	-0.04830930493312735
2142	20-24	-0.08388827043590652
2142	25-29	-0.19501945426113565
2142	30-34	-0.017509183494475167
2142	35-39	-0.06890363863514182
2142	40-44	0.030331249683541728
2142	45-49	-0.0456263413284006
2142	50-54	0.0019263778451161784
2142	55-59	-0.03236629349738962
2142	60-64	0.07203346256489596
2142	65-69	1.1841554950109412E-4
2142	70-74	0.050094359960617396
2142	75-79	-0.022249221785536122
2142	80-84	-0.03382801169565397
2142	85-89	-0.17952684092816185
2142	90-94	-0.1382534964301243
2142	95-99	-0.3260074804878741
2142	100-104	-0.2087091245281414
2142	105-109	-0.08526131130134473
2142	110-114	-0.2523099009054519
2142	115-119	-0.20985115314650926
2142	120-124	-0.1933057430042595
2142	125-129	-0.4204534225661476
2142	130-134	-0.3296409283776214
2142	135-139	-0.22981970418818065
2142	140-144	-0.45918727395336845
2142	145-149	-0.33179008896804163
2142	150-151	-0.2849629096089572
2143	1	-0.2395926455159838
2143	2	-0.19999437220357663
2143	3	0.1332366744026814
2143	4	0.45245512733976057
2143	5	-0.012486558444720686
2143	6	0.21399627475981475
2143	7	0.21311895111904278
2143	8	0.20892064654390197
2143	9	0.12290787453303409
2143	10-14	0.05054044448669259
2143	15-19	0.08264790889091955
2143	20-24	-0.004651050201943008
2143	25-29	0.050974349488662085
2143	30-34	0.03334013011056669
2143	35-39	0.2074784990711791
2143	40-44	0.15993169837751253
2143	45-49	0.12435122397260301
2143	50-54	0.2466061492248528
2143	55-59	0.032803836303365586
2143	60-64	0.07433836080751632
2143	65-69	-0.012033713076107233
2143	70-74	0.05983742924109947
2143	75-79	-0.004119848354626754
2143	80-84	0.0135652899442249
2143	85-89	0.16273852951145074
2143	90-94	0.15224914765940412
2143	95-99	0.030690879642463642
2143	100-104	0.05615386356010532
2143	105-109	0.008718711133347767
2143	110-114	0.09512880429191739
2143	115-119	0.04170058020106637
2143	120-124	0.1440400184401156
2143	125-129	0.017610783405764607
2143	130-134	-0.11845295764956632
2143	135-139	-0.032541246840821714
2143	140-144	-0.03748170266977979
2143	145-149	0.009668700626527027
2143	150-151	-0.2455352615132398
2144	1	0.2742005915984791
2144	2	-0.2990440278571924
2144	3	-0.1613829940427891
2144	4	0.2545819346737517
2144	5	0.09225805670135401
2144	6	0.17152473340594554
2144	7	0.07937300510325684
2144	8	0.07323654074622254
2144	9	0.09109621197957551
2144	10-14	0.09672679208919277
2144	15-19	0.04752199311042915
2144	20-24	0.08193171568127866
2144	25-29	0.02917392826194032
2144	30-34	0.029171794472979684
2144	35-39	0.045453509731054
2144	40-44	7.36422318965424E-4
2144	45-49	-0.04680766636631262
2144	50-54	-0.02276575779516321
2144	55-59	0.1703472833851407
2144	60-64	0.12145244089227702
2144	65-69	-0.06324893925935271
2144	70-74	0.11456976937522256
2144	75-79	0.14411836440363857
2144	80-84	0.08235704113618425
2144	85-89	-0.0626784978682835
2144	90-94	-0.13793213488553135
2144	95-99	-0.01966380359762354
2144	100-104	-0.046966573688735025
2144	105-109	-0.061560254664591696
2144	110-114	-0.03715706135484709
2144	115-119	0.034928649923138266
2144	120-124	-0.212509023462907
2144	125-129	-0.11796736965717258
2144	130-134	-0.07769733375592836
2144	135-139	0.04257019734664169
2144	140-144	-0.11419794315665399
2144	145-149	-0.20241378745377858
2144	150-151	-0.021681036970967682
2145	1	-0.17411804480020976
2145	2	-0.09070533849811824
2145	3	0.05243169603613751
2145	4	-0.27567104113414587
2145	5	-0.018843056495036592
2145	6	0.09955260187909687
2145	7	-0.19723573078897516
2145	8	-0.0367526615058793
2145	9	-0.05707716900096216
2145	10-14	-0.02814659146224585
2145	15-19	0.009938117747289255
2145	20-24	-0.026156311673020127
2145	25-29	-0.006875124364228213
2145	30-34	0.007233084546754753
2145	35-39	-0.017357246882568234
2145	40-44	0.00507351772477449
2145	45-49	0.02653860712520384
2145	50-54	0.01893668712346397
2145	55-59	0.03412855186343933
2145	60-64	0.03543552442057063
2145	65-69	-0.1792630277494638
2145	70-74	-0.03804996993630283
2145	75-79	-0.1196719021979078
2145	80-84	-0.08692079520081109
2145	85-89	-0.019733026495167394
2145	90-94	-0.020727723234251982
2145	95-99	-0.06879098564250796
2145	100-104	0.011393968255369202
2145	105-109	8.211629254546438E-4
2145	110-114	0.16573133620794067
2145	115-119	-0.07943878201248822
2145	120-124	0.11751899926379394
2145	125-129	0.1429486392895356
2145	130-134	-0.12087804177969019
2145	135-139	-0.15868568356962953
2145	140-144	-0.11691923271625626
2145	145-149	-0.23385194463813974
2145	150-151	-0.09166394053679028
2146	1	0.23932336035576185
2146	2	0.2954158121933901
2146	3	0.07802818047886717
2146	4	0.32728504107334544
2146	5	0.29445631267849137
2146	6	0.049439906662975375
2146	7	0.15735076445648843
2146	8	0.09875166625715792
2146	9	0.04151447421531884
2146	10-14	0.10103813533520878
2146	15-19	0.21381776725849733
2146	20-24	0.12513934989458164
2146	25-29	0.09130708179466751
2146	30-34	0.11824987546712151
2146	35-39	0.03707987718886585
2146	40-44	0.2090358548501854
2146	45-49	0.03227406010663714
2146	50-54	0.21547047568323308
2146	55-59	0.03145454111403723
2146	60-64	0.10144424663019436
2146	65-69	0.15078325064105513
2146	70-74	0.15170010008144175
2146	75-79	0.284473814717046
2146	80-84	0.0620849529220493
2146	85-89	0.1402294973442011
2146	90-94	0.09667668588273415
2146	95-99	0.09951431836783797
2146	100-104	0.1612205909997968
2146	105-109	0.04709888661545136
2146	110-114	0.12513771915829608
2146	115-119	-0.09892171768952807
2146	120-124	0.15549528658990397
2146	125-129	0.1845131689703905
2146	130-134	0.10189572757521148
2146	135-139	0.04498524639929968
2146	140-144	0.2781575200611144
2146	145-149	-0.07732095678788653
2146	150-151	-0.05750028574424704
2147	1	0.12999258369944755
2147	2	0.3485248671641372
2147	3	0.24894904388270334
2147	4	-0.027371810405171004
2147	5	0.3127284543113902
2147	6	0.1134465785393104
2147	7	0.19314314827325063
2147	8	-0.05830009988569884
2147	9	-0.245967220809014
2147	10-14	0.13144836379444058
2147	15-19	0.12669461991904996
2147	20-24	0.11469878278509071
2147	25-29	0.07792261492092223
2147	30-34	0.10613674250897276
2147	35-39	0.18731332719247717
2147	40-44	0.020490337024583027
2147	45-49	0.008094418522986757
2147	50-54	0.04370512084579303
2147	55-59	0.14665144683439024
2147	60-64	-0.016466720594863204
2147	65-69	0.12162137227145564
2147	70-74	0.16308300405501797
2147	75-79	0.10111673143022415
2147	80-84	0.04007695455062077
2147	85-89	0.04396732412495652
2147	90-94	0.10894939226107425
2147	95-99	0.03425469963667638
2147	100-104	0.1661351896693617
2147	105-109	0.08877709991849514
2147	110-114	0.01283217874287601
2147	115-119	-0.044614877046242896
2147	120-124	0.1385562068622903
2147	125-129	0.12960152536415848
2147	130-134	0.12681676171605005
2147	135-139	0.10508269782134505
2147	140-144	-0.03516456214217811
2147	145-149	0.09508991521847321
2147	150-151	0.24763298761224917
2148	1	-0.2001630545593116
2148	2	-0.32161941911221703
2148	3	-0.03721121256889859
2148	4	-0.04989195049895301
2148	5	0.28357772449502505
2148	6	-0.06558579396051556
2148	7	-0.011318309811493066
2148	8	0.026697868367449473
2148	9	0.029189352698296034
2148	10-14	-0.05934427547696686
2148	15-19	0.047215263112043715
2148	20-24	0.025996585273496464
2148	25-29	-0.11159486132698504
2148	30-34	0.04163555248582185
2148	35-39	-0.04839446246044332
2148	40-44	-0.021818372396914754
2148	45-49	0.04908474998796919
2148	50-54	-0.012374962230076392
2148	55-59	0.04545303869192452
2148	60-64	0.014227491829103656
2148	65-69	0.08283629238833612
2148	70-74	0.13804285286725815
2148	75-79	-0.00889300805467741
2148	80-84	-0.060913118914768916
2148	85-89	0.08778017121503723
2148	90-94	-0.009329879406060115
2148	95-99	-0.14871474676068175
2148	100-104	-0.0975326616454737
2148	105-109	-0.013367521757345457
2148	110-114	-0.12094061390929767
2148	115-119	-0.11651485060128408
2148	120-124	-0.002816609009833826
2148	125-129	-0.21462154109008935
2148	130-134	0.05352036532546123
2148	135-139	-0.18791648302993025
2148	140-144	-0.051920346170717835
2148	145-149	-0.1919133549264629
2148	150-151	0.14234980080118476
2149	1	0.22760215846638232
2149	2	0.14461355919191732
2149	3	0.018203432426432187
2149	4	0.3034430508665409
2149	5	-0.06868450324370201
2149	6	0.051820775796755925
2149	7	0.18281773947068558
2149	8	0.08304791963490743
2149	9	0.11185833498608844
2149	10-14	0.0870572721952243
2149	15-19	-0.010310260233040935
2149	20-24	0.09372719480842306
2149	25-29	0.024058017909119656
2149	30-34	0.01451923667827515
2149	35-39	0.0486745433760305
2149	40-44	-0.009711075410329784
2149	45-49	0.09928270615797885
2149	50-54	0.08915521198116494
2149	55-59	0.01528128043884891
2149	60-64	0.09333996789202814
2149	65-69	-0.09222989741736853
2149	70-74	0.25681197595658034
2149	75-79	0.11095673822454444
2149	80-84	0.042302094846817795
2149	85-89	0.11409321506302916
2149	90-94	-0.04335904380370437
2149	95-99	0.08938147252994355
2149	100-104	-0.016326314619554694
2149	105-109	-0.011436529229150949
2149	110-114	-0.10669300271123205
2149	115-119	-0.022527452420746386
2149	120-124	0.14130464057519987
2149	125-129	0.01796820966992385
2149	130-134	0.11275382278001445
2149	135-139	-0.011383079050531819
2149	140-144	0.07982279649999668
2149	145-149	-0.06988731727145137
2149	150-151	0.15826806068386645
2150	1	-0.38512062546262626
2150	2	0.2786670123115158
2150	3	0.25862729152733266
2150	4	0.17068661460815804
2150	5	0.2478677354875245
2150	6	0.08325966326677303
2150	7	-0.06559854785611208
2150	8	-0.11901629021140536
2150	9	-0.16902844395517036
2150	10-14	0.05957453654128386
2150	15-19	0.05593675387388686
2150	20-24	0.0711881465884403
2150	25-29	-0.02992993335509908
2150	30-34	0.10281453586851796
2150	35-39	0.04939566471971801
2150	40-44	0.011089269125420742
2150	45-49	0.00447528061124558
2150	50-54	0.1548653913100253
2150	55-59	-0.04107034634079554
2150	60-64	0.12653959330954478
2150	65-69	0.18322243095324353
2150	70-74	0.15502569829482127
2150	75-79	0.14596717946066917
2150	80-84	0.12834388983803535
2150	85-89	0.16611010132115922
2150	90-94	0.19914605161967103
2150	95-99	-0.02015285334679362
2150	100-104	-0.006124450721195274
2150	105-109	0.03301459226477732
2150	110-114	0.012123757350657627
2150	115-119	0.04105341582938138
2150	120-124	0.09001288189044487
2150	125-129	-0.09628745789313342
2150	130-134	0.10680056546488714
2150	135-139	0.024102100403517568
2150	140-144	0.186138116823102
2150	145-149	0.041890497230106405
2150	150-151	0.1223622271126601
2151	1	0.2423781121736326
2151	2	0.24444457887026516
2151	3	0.268775705899472
2151	4	0.062390657142394446
2151	5	-0.03572351608423929
2151	6	-0.010977027459063038
2151	7	-0.03309391918906357
2151	8	0.17552534799020236
2151	9	-0.08681143620277254
2151	10-14	0.02316895639851424
2151	15-19	0.02554893593149643
2151	20-24	0.1014452727555053
2151	25-29	-0.012536046165863013
2151	30-34	-0.021503045145536248
2151	35-39	-0.03482924394455722
2151	40-44	-0.07695738387801043
2151	45-49	-0.14340840370870467
2151	50-54	0.0571020028287208
2151	55-59	0.13229229363305706
2151	60-64	-0.06797729266187957
2151	65-69	0.014435983294312393
2151	70-74	0.050343566434740694
2151	75-79	0.16682241851771096
2151	80-84	-0.030862454653600935
2151	85-89	-0.0011199261043088882
2151	90-94	0.0013519703729514276
2151	95-99	-0.13164085841604845
2151	100-104	-0.016833255584515427
2151	105-109	0.06641624175339444
2151	110-114	0.09201999600175981
2151	115-119	0.1727253794732988
2151	120-124	0.01626509721504732
2151	125-129	0.09066118617970176
2151	130-134	-0.0606750040839259
2151	135-139	0.052689936167531926
2151	140-144	0.0437494276022008
2151	145-149	-0.08778940692926085
2151	150-151	0.25181144048679016
2152	1	-0.26087036046298806
2152	2	0.11629136462606482
2152	3	-0.002319991650288955
2152	4	0.07161296116843374
2152	5	-0.19996190101856115
2152	6	-0.16320316765358456
2152	7	-0.07335431365568468
2152	8	0.21073543310922105
2152	9	0.017992170053929613
2152	10-14	0.013174252119320329
2152	15-19	0.12517177727944784
2152	20-24	0.036018579739405254
2152	25-29	0.1048261682204199
2152	30-34	-0.015690668658535856
2152	35-39	-0.05431103828975381
2152	40-44	0.017444651745400108
2152	45-49	-0.06855532766991246
2152	50-54	0.08939040003360788
2152	55-59	-0.12542977143971967
2152	60-64	-0.007837278970498573
2152	65-69	-0.021525835850368935
2152	70-74	-0.18767841726478451
2152	75-79	0.0716751070647419
2152	80-84	0.13043228449985378
2152	85-89	0.03736833935338524
2152	90-94	-0.03419781586075743
2152	95-99	0.006335917910789135
2152	100-104	0.13110980895869773
2152	105-109	-0.013760971147497969
2152	110-114	0.029583447778406935
2152	115-119	-0.06390421714776551
2152	120-124	-0.05687526521892039
2152	125-129	0.11944924110019173
2152	130-134	-0.003132476862631961
2152	135-139	0.16092026127311954
2152	140-144	-0.038717861634566475
2152	145-149	0.11691732638598751
2152	150-151	-0.16353452507810573
2153	1	-0.23164526629828686
2153	2	-0.10999079886071428
2153	3	0.0317835149720338
2153	4	0.04846886485787394
2153	5	0.15856737918059594
2153	6	0.15368618800699352
2153	7	-0.1651657119610448
2153	8	0.08278164350656425
2153	9	0.14322960773667148
2153	10-14	0.05128356745600371
2153	15-19	-0.011685034021610363
2153	20-24	-0.009238825398973916
2153	25-29	-0.14244937618448006
2153	30-34	-0.1791917156533671
2153	35-39	-0.10784650969674914
2153	40-44	-0.06033312603238272
2153	45-49	-0.054106150679153586
2153	50-54	-0.06034995821366351
2153	55-59	-0.06205319689563993
2153	60-64	-0.058891080890759895
2153	65-69	-0.19487835868652326
2153	70-74	-0.1395134134722582
2153	75-79	-0.11253374733490062
2153	80-84	-0.05365987697721408
2153	85-89	0.014342232553424594
2153	90-94	-0.21880148131511135
2153	95-99	-0.04388677108313033
2153	100-104	-0.02177412696392622
2153	105-109	-0.0797274802787129
2153	110-114	-0.010151140652133961
2153	115-119	-0.05703683865426967
2153	120-124	-0.18724459831886264
2153	125-129	0.0896043778578175
2153	130-134	0.04607433541087147
2153	135-139	-0.16688636558829728
2153	140-144	-0.16432677178750055
2153	145-149	-0.04508616143581179
2153	150-151	-0.4104632321853572
2154	1	0.34901355917952515
2154	2	0.3917290394744768
2154	3	0.4620584024659422
2154	4	-0.06212629475268017
2154	5	0.25684658537966243
2154	6	0.20893121719647212
2154	7	0.014535099866350265
2154	8	-0.051451738555520876
2154	9	0.27064733417408604
2154	10-14	0.06031781453307872
2154	15-19	0.10288358912040252
2154	20-24	0.11085939647927745
2154	25-29	0.060096621528771266
2154	30-34	0.10647852764005705
2154	35-39	-0.0019280364035978437
2154	40-44	0.05160924027407532
2154	45-49	0.03448909173842196
2154	50-54	0.13134895542178526
2154	55-59	0.16885102403351482
2154	60-64	0.0805546852812995
2154	65-69	0.11630218293516492
2154	70-74	0.16245006862709488
2154	75-79	-0.12221580018488964
2154	80-84	0.1187660186922983
2154	85-89	0.059516015847428605
2154	90-94	-0.0057625588256797755
2154	95-99	0.24716911410811804
2154	100-104	0.08919302730876666
2154	105-109	0.25365171541022136
2154	110-114	0.2665835870242077
2154	115-119	0.07333263994807027
2154	120-124	0.18050843289619678
2154	125-129	0.16632190715080242
2154	130-134	0.167190446792695
2154	135-139	0.012146257197017007
2154	140-144	-0.13015804290727573
2154	145-149	0.2180350903517052
2154	150-151	-0.022927919763986893
2155	1	0.066540807049698
2155	2	0.04649441031134671
2155	3	-0.06323369723404682
2155	4	-0.154275363704663
2155	5	0.09191627157027682
2155	6	-0.14289859912566527
2155	7	-0.1418822324374105
2155	8	-0.02784324709381991
2155	9	0.015454098987937925
2155	10-14	0.016727551611701585
2155	15-19	0.1901463965687924
2155	20-24	0.09439421425717143
2155	25-29	0.12766880781432377
2155	30-34	0.12238039733130535
2155	35-39	0.20609505308080145
2155	40-44	-0.03483961221399312
2155	45-49	0.09692690583263186
2155	50-54	0.011725425414326196
2155	55-59	0.019747893534898253
2155	60-64	0.18962464996350548
2155	65-69	0.038372641306999355
2155	70-74	0.13516422232913072
2155	75-79	0.17319794970434543
2155	80-84	0.15225969566736808
2155	85-89	0.0627490500132808
2155	90-94	0.03636055977376884
2155	95-99	0.08704657780926084
2155	100-104	-0.5404637951022124
2155	105-109	0.1415689780910867
2155	110-114	0.23212151884440146
2155	115-119	0.022390199095887908
2155	120-124	0.13043437945113112
2155	125-129	0.062088835008829335
2155	130-134	0.29788275156376187
2155	135-139	0.1725953881766742
2155	140-144	0.17854102161416563
2155	145-149	0.11640971217278917
2155	150-151	0.2539781652772177
2156	1	0.10405003491425902
2156	2	-0.04328862871027184
2156	3	-0.04357262934962591
2156	4	0.010006757430247148
2156	5	-0.045518480077674894
2156	6	-0.03569531171933704
2156	7	-0.023102466449522296
2156	8	0.42539026197724894
2156	9	-0.1584119352841853
2156	10-14	0.0463880315259928
2156	15-19	-0.0010438509666386153
2156	20-24	-0.00871810763687364
2156	25-29	-0.0315404376893369
2156	30-34	-0.03181280965376487
2156	35-39	-0.024941930240444776
2156	40-44	0.009336543637296302
2156	45-49	0.05758386445913288
2156	50-54	-0.038000515174566374
2156	55-59	-0.031050765893205323
2156	60-64	-0.04256736801531247
2156	65-69	0.021026215838745088
2156	70-74	0.14561506475966723
2156	75-79	0.09551272278053347
2156	80-84	-0.07507242252768975
2156	85-89	0.10276760373742633
2156	90-94	0.12137712093245057
2156	95-99	-0.020271037122562063
2156	100-104	0.11031461202137649
2156	105-109	0.01275909496648353
2156	110-114	0.05855796253972301
2156	115-119	-0.0652558951491855
2156	120-124	0.09703179630235326
2156	125-129	-0.007771816070096804
2156	130-134	0.018030528056719675
2156	135-139	0.08848822082077135
2156	140-144	0.14056925724645453
2156	145-149	0.1674357200515857
2156	150-151	0.2689501713659723
2157	1	0.17546690633113116
2157	2	0.30402621860457657
2157	3	0.32460333882634274
2157	4	0.3894849369084241
2157	5	0.26733983278063533
2157	6	0.15478087875685986
2157	7	0.11989507654801912
2157	8	0.3625845991715906
2157	9	0.26035488348263414
2157	10-14	0.2561645613025192
2157	15-19	0.09928608936330363
2157	20-24	0.16696458804582193
2157	25-29	0.2796049934560898
2157	30-34	0.024936927095964734
2157	35-39	0.2150580697595501
2157	40-44	0.25147062577136836
2157	45-49	0.21052173739700208
2157	50-54	0.175094137920091
2157	55-59	0.20486359002115506
2157	60-64	0.2313439458960005
2157	65-69	0.2969078117203381
2157	70-74	0.35903263817723996
2157	75-79	0.22995053721835035
2157	80-84	0.2153686679134026
2157	85-89	0.225074846044663
2157	90-94	0.2430478826032214
2157	95-99	0.2779622611107371
2157	100-104	0.3184484601552242
2157	105-109	0.3004904626978515
2157	110-114	0.14085116483293092
2157	115-119	0.2902747003814028
2157	120-124	0.24727398654454902
2157	125-129	0.41341456511627683
2157	130-134	0.13419760422379312
2157	135-139	0.32764581997837183
2157	140-144	0.3641050007822102
2157	145-149	0.28614403875990035
2157	150-151	0.5457607481765478
2158	1	-0.006868765659717724
2158	2	0.16076271327210634
2158	3	0.26933140769234143
2158	4	0.020371802278049245
2158	5	-0.0713176782906686
2158	6	-0.1221758809585225
2158	7	-0.54830747441315
2158	8	0.044467467261355864
2158	9	-0.16328380222501693
2158	10-14	-0.09328859090925334
2158	15-19	-0.08882424219530094
2158	20-24	-0.12264878708479898
2158	25-29	-0.11741744770428397
2158	30-34	-0.10358507452949084
2158	35-39	-0.13543271659330003
2158	40-44	-0.07003938401449972
2158	45-49	0.12622590551496415
2158	50-54	0.024452085209070162
2158	55-59	0.03603109429210605
2158	60-64	-0.10997664921769257
2158	65-69	-0.014035446809124608
2158	70-74	-0.017929760854123344
2158	75-79	-0.07319785972315174
2158	80-84	0.017859918680514397
2158	85-89	-0.05309071763814899
2158	90-94	-0.13757542767526587
2158	95-99	0.014350776809592958
2158	100-104	0.03135486409610877
2158	105-109	-0.0746189234460175
2158	110-114	-0.06634526581177624
2158	115-119	-0.15409941847547515
2158	120-124	-0.17089721645423595
2158	125-129	0.0798981198757005
2158	130-134	-0.0566076569262961
2158	135-139	0.04052104181911176
2158	140-144	0.14627348364034276
2158	145-149	-0.0323147693540804
2158	150-151	0.3507117358861649
2159	1	0.25067865110808896
2159	2	0.015432203923602117
2159	3	0.06825099551747371
2159	4	0.30964303967522255
2159	5	-0.015212397597679228
2159	6	-0.19801415229904507
2159	7	0.05834792804434841
2159	8	0.009789568115685654
2159	9	0.09525042272599649
2159	10-14	0.061652985921377024
2159	15-19	0.12788010404428007
2159	20-24	-0.03592643397563222
2159	25-29	0.03513294376665499
2159	30-34	0.20273478141555046
2159	35-39	0.042635709511110065
2159	40-44	0.16365583186961885
2159	45-49	0.06969734439869768
2159	50-54	0.07935161956887526
2159	55-59	-0.04125724566490163
2159	60-64	0.13128748062214868
2159	65-69	-0.0019741758572990875
2159	70-74	0.017259628578145225
2159	75-79	0.12573822778865207
2159	80-84	7.554550393180648E-4
2159	85-89	-0.1137619693138916
2159	90-94	0.06330762286295055
2159	95-99	0.09282392118979033
2159	100-104	-0.0022968814596922016
2159	105-109	-0.07744290827899647
2159	110-114	-0.023259507103823296
2159	115-119	-0.02728599978798485
2159	120-124	0.11945919264280036
2159	125-129	0.05874488696834845
2159	130-134	0.1544347583739878
2159	135-139	0.04599703398175592
2159	140-144	0.14791076024013705
2159	145-149	0.1301417801489535
2159	150-151	0.05705380294786977
2160	1	-0.002952205421316023
2160	2	-0.13804529013359712
2160	3	0.05954000709634499
2160	4	0.03918831994514704
2160	5	0.027192325966460373
2160	6	0.14772620503551792
2160	7	-0.1574177340981251
2160	8	-0.12207148548449709
2160	9	0.3193896758507577
2160	10-14	-0.02338650491520866
2160	15-19	0.025096575173790825
2160	20-24	-0.04506683731893446
2160	25-29	-0.05774950389839972
2160	30-34	-0.05340201790964727
2160	35-39	-0.03954510484361862
2160	40-44	-0.062308434674349655
2160	45-49	-0.028580395038460438
2160	50-54	-0.08102258486329816
2160	55-59	-0.026991468500575877
2160	60-64	-0.03454029332156949
2160	65-69	-0.09526150044897008
2160	70-74	-0.15451554203760764
2160	75-79	-0.048131874197395064
2160	80-84	0.055067240945305684
2160	85-89	-0.09748407651425595
2160	90-94	-0.02057244768378297
2160	95-99	-0.049284812803009004
2160	100-104	0.02977121147797135
2160	105-109	0.009927692135079269
2160	110-114	0.09695826760670201
2160	115-119	0.041898878672249396
2160	120-124	-0.12350683756961445
2160	125-129	0.03463630633802239
2160	130-134	-0.22003039000420443
2160	135-139	-0.1499940709948504
2160	140-144	-0.04984401316681186
2160	145-149	0.04616969211890165
2160	150-151	0.1561182918674291
2161	1	-0.0018513168469667107
2161	2	0.017046319522769693
2161	3	0.08127469294992551
2161	4	-0.039053403731820424
2161	5	0.008492947182162425
2161	6	-0.019923397858249814
2161	7	0.26864187115468496
2161	8	-0.15424888581476637
2161	9	-0.32285299144498936
2161	10-14	-0.05003115381039436
2161	15-19	-0.017064311827866163
2161	20-24	0.04358300147951866
2161	25-29	0.035310179989302526
2161	30-34	-0.012955371688050832
2161	35-39	-0.05536959175090317
2161	40-44	-0.09554897882784985
2161	45-49	-0.04492701766957907
2161	50-54	-0.08419943474928004
2161	55-59	-0.035424274980094594
2161	60-64	-0.046442471508250094
2161	65-69	0.15834548232998458
2161	70-74	-0.034012278689331765
2161	75-79	-0.06873421751735975
2161	80-84	-0.02366516449622935
2161	85-89	-0.08718919564613259
2161	90-94	0.10225211785841282
2161	95-99	-0.07834512576989994
2161	100-104	-0.05414480645078612
2161	105-109	-0.019711373682334
2161	110-114	-0.04708828425301448
2161	115-119	-0.116660529993311
2161	120-124	-0.05989120495185318
2161	125-129	-0.002768742022432491
2161	130-134	0.20700428798588888
2161	135-139	0.05594758191070781
2161	140-144	0.16565020716817003
2161	145-149	0.06806479316473002
2161	150-151	0.1271570588722284
2162	1	-0.03236546748062352
2162	2	0.1206348676874498
2162	3	0.3488234486134587
2162	4	-0.832372072061986
2162	5	-0.11678120082493137
2162	6	-0.04477729502811911
2162	7	0.04503231044814271
2162	8	0.1848968230302006
2162	9	0.08725272790625382
2162	10-14	0.1728843363728032
2162	15-19	0.10169069506687833
2162	20-24	0.12951379141976815
2162	25-29	0.04518673130587558
2162	30-34	0.20568669279418117
2162	35-39	0.09913759847825787
2162	40-44	0.04167145586911403
2162	45-49	0.093548916403563
2162	50-54	-0.3094138283404533
2162	55-59	0.032582160110855796
2162	60-64	0.12254892648242333
2162	65-69	-3.970483680220127E-4
2162	70-74	-0.1241324441630951
2162	75-79	0.06898789161652985
2162	80-84	-0.03382801169565397
2162	85-89	0.08954532402029969
2162	90-94	-0.39701638302805975
2162	95-99	-0.1574507794569442
2162	100-104	0.009332112585262564
2162	105-109	-0.006395331919904379
2162	110-114	0.12500968672340917
2162	115-119	-0.04438723562073932
2162	120-124	-0.24279027908673356
2162	125-129	-0.09777301019500584
2162	130-134	0.16468896852958892
2162	135-139	-0.3267269206830292
2162	140-144	0.15885396316002698
2162	145-149	-0.06323338793711031
2162	150-151	0.0036968842054747597
2163	1	0.011260381148993304
2163	2	0.11022964290813064
2163	3	-0.001208974662482376
2163	4	-0.06782129985865737
2163	5	0.08875590066654127
2163	6	-0.07151657218757634
2163	7	-0.23843645071804076
2163	8	0.12146961659318833
2163	9	-0.13180289455447536
2163	10-14	0.03056997617006374
2163	15-19	0.12598565424001862
2163	20-24	0.12563887909495008
2163	25-29	0.010204663362564759
2163	30-34	0.07781590947430317
2163	35-39	0.045698084430384256
2163	40-44	-0.044814655058196706
2163	45-49	-0.0510397050116822
2163	50-54	0.05703602145376152
2163	55-59	-0.022781576109245805
2163	60-64	-0.009012154999247457
2163	65-69	0.11967692963708032
2163	70-74	0.01499649460323127
2163	75-79	0.03847361875811828
2163	80-84	0.04866143419717872
2163	85-89	0.1768638529299409
2163	90-94	0.025031444612451992
2163	95-99	-0.03246235919835527
2163	100-104	-0.04279855983378411
2163	105-109	0.0591360789557811
2163	110-114	0.09920869946774502
2163	115-119	0.16531129408295442
2163	120-124	0.017190796307311018
2163	125-129	0.05395071702599097
2163	130-134	0.11454670313515436
2163	135-139	0.007889889131298844
2163	140-144	0.11132938102327472
2163	145-149	0.04111794803419855
2163	150-151	0.18509022486161086
2164	1	0.11769617833139279
2164	2	0.09813414630028916
2164	3	0.31457723261702597
2164	4	0.24559676401261754
2164	5	-1.0010641502589124E-4
2164	6	0.06535885040353406
2164	7	0.010163078266401726
2164	8	-0.015314346666286838
2164	9	-0.19368166521040564
2164	10-14	-0.048586768792318935
2164	15-19	0.05913672219103461
2164	20-24	0.13299743560538957
2164	25-29	0.08720950090793878
2164	30-34	0.06602876147024261
2164	35-39	0.08425472552110591
2164	40-44	0.06604516065124955
2164	45-49	0.008754446164061847
2164	50-54	0.08967197738342492
2164	55-59	-0.05498506005650228
2164	60-64	0.1284603663712005
2164	65-69	0.06888890950296656
2164	70-74	0.14296443157468275
2164	75-79	-0.011803535680762423
2164	80-84	0.08058792702578899
2164	85-89	0.13323121893385803
2164	90-94	0.1957540059963634
2164	95-99	0.03833369629132477
2164	100-104	0.1455077113366059
2164	105-109	0.18651802292388453
2164	110-114	0.21059505961498814
2164	115-119	0.17628772044022867
2164	120-124	0.29310988093006074
2164	125-129	0.33035584266824003
2164	130-134	0.30421049209927276
2164	135-139	0.3020538038520044
2164	140-144	0.2620700382892309
2164	145-149	0.24554392640406064
2164	150-151	0.553338158044042
2165	1	-0.5331396310613883
2165	2	-0.2942297181995457
2165	3	2.498450110195449E-4
2165	4	-0.30151842768692916
2165	5	-0.7706784693177653
2165	6	-0.12199366084622199
2165	7	-0.2974415292741952
2165	8	0.2197632152988902
2165	9	-0.24850846843453667
2165	10-14	-0.03414377866789664
2165	15-19	0.04465806407194606
2165	20-24	0.030462141806196996
2165	25-29	-0.4419111874843722
2165	30-34	-0.07961194080709788
2165	35-39	-0.10089401320128388
2165	40-44	-0.015721806327199772
2165	45-49	0.02254585845741275
2165	50-54	0.01602712233241732
2165	55-59	-0.009951032152670791
2165	60-64	0.012920266946665038
2165	65-69	0.05624269460966502
2165	70-74	-0.1273142564800409
2165	75-79	-0.06114320008315133
2165	80-84	0.05994061661551342
2165	85-89	-0.01771955604886699
2165	90-94	-0.011271315095207513
2165	95-99	0.045226536259868055
2165	100-104	-0.009368453844430746
2165	105-109	0.016018639152186154
2165	110-114	0.05247055920576571
2165	115-119	0.08759797785487677
2165	120-124	-0.006294272480531049
2165	125-129	-0.027671207684136334
2165	130-134	0.17303316165759952
2165	135-139	-0.026964975984114403
2165	140-144	-0.055871918418738176
2165	145-149	-0.006803314262540994
2165	150-151	0.25068248476287636
2166	1	-0.2938015136910579
2166	2	0.0020781666565241608
2166	3	0.1631010220476412
2166	4	0.1457271871205279
2166	5	0.13123724190417363
2166	6	0.17524031881428925
2166	7	0.15456191724501167
2166	8	0.21161546780044915
2166	9	0.2233973686356734
2166	10-14	0.11641124928789992
2166	15-19	0.17795345215127156
2166	20-24	0.13940862641950247
2166	25-29	0.13470908534410597
2166	30-34	0.07711600430015864
2166	35-39	0.046127703643264795
2166	40-44	0.06719339546398828
2166	45-49	-0.07089443437092058
2166	50-54	0.0907908030639959
2166	55-59	0.16718558962958951
2166	60-64	0.0719117198306094
2166	65-69	-0.02738508131627526
2166	70-74	0.1465664109371474
2166	75-79	0.11446009800931733
2166	80-84	0.037355224070807935
2166	85-89	0.14416118683954693
2166	90-94	0.1309170988141375
2166	95-99	0.21512861234743497
2166	100-104	0.2591663352449558
2166	105-109	0.14694611759571075
2166	110-114	0.31614059901683333
2166	115-119	0.10297586855995888
2166	120-124	-0.0020427268927676323
2166	125-129	-0.11357884348516478
2166	130-134	0.15932192713706428
2166	135-139	0.005990791589681521
2166	140-144	0.21043143816392273
2166	145-149	0.1495780921437131
2166	150-151	0.3102748772635522
2167	1	0.1091980400622603
2167	2	0.10214251672087471
2167	3	0.015629429852431542
2167	4	0.13355888098237045
2167	5	0.008535573976381272
2167	6	0.14191086588684243
2167	7	0.02322957988252483
2167	8	0.23748807407505979
2167	9	-0.5084762853485358
2167	10-14	0.10559009072805026
2167	15-19	0.013370563447779205
2167	20-24	-0.03806173698050941
2167	25-29	0.07502326887436794
2167	30-34	0.05621807837711401
2167	35-39	0.0363193310208203
2167	40-44	0.024265758566507145
2167	45-49	-0.01912141224615027
2167	50-54	-0.03954491671896676
2167	55-59	0.08786815302571682
2167	60-64	0.043404317956373006
2167	65-69	0.0936130884256201
2167	70-74	0.12708224622684838
2167	75-79	0.10889753616535103
2167	80-84	-9.41148396421454E-4
2167	85-89	0.09453079550061005
2167	90-94	-0.18595878640344665
2167	95-99	0.09092587407434394
2167	100-104	0.19422709593384724
2167	105-109	0.0616651438725313
2167	110-114	0.08429798827975787
2167	115-119	0.2436244137311192
2167	120-124	0.1752814745520368
2167	125-129	-0.013434621732905327
2167	130-134	0.01854532857152691
2167	135-139	0.25116518349774
2167	140-144	0.08651520319241257
2167	145-149	0.22148977410564186
2167	150-151	0.020558922974728944
2168	1	-0.26203623568814294
2168	2	0.15078784407587875
2168	3	0.22352248419709753
2168	4	0.2585590885632243
2168	5	0.0853205617291053
2168	6	-0.06678594151964035
2168	7	0.10560098354424952
2168	8	0.07281501391813094
2168	9	-0.035480893643466516
2168	10-14	0.10357805103858908
2168	15-19	0.13656133025145323
2168	20-24	0.13855403086107287
2168	25-29	0.03798287364042352
2168	30-34	0.07631522621619524
2168	35-39	0.06921475178720726
2168	40-44	0.1200252969066824
2168	45-49	0.1435422652562437
2168	50-54	0.05640792091129043
2168	55-59	0.19857284850460388
2168	60-64	0.14925261786919464
2168	65-69	0.28470504674337604
2168	70-74	0.1741981178588503
2168	75-79	0.30665267379144723
2168	80-84	0.32855509439015407
2168	85-89	0.2708695674522801
2168	90-94	-0.005263805708473512
2168	95-99	0.2237251433897427
2168	100-104	0.18628256153770906
2168	105-109	0.11788468138239239
2168	110-114	0.2793748347114473
2168	115-119	0.11021269786779442
2168	120-124	0.23199455629737997
2168	125-129	0.18463869582429027
2168	130-134	0.16979039852626698
2168	135-139	0.3011154471254187
2168	140-144	0.3015729521856372
2168	145-149	0.2587925515374536
2168	150-151	0.24098487888456077
2169	1	-0.032378718481076874
2169	2	0.3009213543171896
2169	3	0.107456475406984
2169	4	0.09957741512430118
2169	5	0.2723476784054526
2169	6	0.050484147210767105
2169	7	-0.1219104187279143
2169	8	-0.22933607655371446
2169	9	0.2366577579860234
2169	10-14	4.2256550910479973E-4
2169	15-19	0.05843942959634063
2169	20-24	0.03541048662025048
2169	25-29	0.1546545711277787
2169	30-34	0.013046298444407967
2169	35-39	0.04358542928949305
2169	40-44	-0.04296665930858978
2169	45-49	-0.016335004832491506
2169	50-54	0.0609927123533609
2169	55-59	0.022703539274985474
2169	60-64	0.014848770120622135
2169	65-69	-0.07071613245887676
2169	70-74	0.09898790142298708
2169	75-79	0.17184083201352962
2169	80-84	0.08481747103829917
2169	85-89	0.24963198556323363
2169	90-94	-0.014004165605641106
2169	95-99	0.18339410433177505
2169	100-104	0.059366565186437015
2169	105-109	-0.12906116819053892
2169	110-114	-0.058622677520091315
2169	115-119	0.04092138017976055
2169	120-124	-0.09563924418359449
2169	125-129	0.110789786296138
2169	130-134	0.02496246917889522
2169	135-139	0.05276450591968285
2169	140-144	0.12027500044834483
2169	145-149	0.21704912339249915
2169	150-151	0.3715678459630851
2170	1	-0.009059563318238872
2170	2	-0.4549076030718098
2170	3	0.16082248837020074
2170	4	0.06337818466972323
2170	5	-0.06776878434609301
2170	6	-0.020417790620335552
2170	7	0.2970661590231174
2170	8	-0.06942427164711518
2170	9	-0.059391088527242175
2170	10-14	0.08137448721102203
2170	15-19	0.014593963894981243
2170	20-24	-0.03216983509895499
2170	25-29	0.08044032888393104
2170	30-34	-0.17153020215253179
2170	35-39	0.14057276205303992
2170	40-44	0.008259658213702892
2170	45-49	0.047280528411945966
2170	50-54	0.10473308887858224
2170	55-59	0.1385696769484568
2170	60-64	0.07194877444391068
2170	65-69	0.1238751005763703
2170	70-74	0.10047112207368514
2170	75-79	-0.013585693691751999
2170	80-84	0.11797111074870514
2170	85-89	0.14799146370901184
2170	90-94	0.010260127021155085
2170	95-99	0.06846645290858788
2170	100-104	0.1627729842727561
2170	105-109	0.10039772232050126
2170	110-114	0.12099800376372372
2170	115-119	0.036136497058215866
2170	120-124	-0.03700147925744801
2170	125-129	0.127592082295088
2170	130-134	0.09102897466448923
2170	135-139	0.08172522052608144
2170	140-144	0.10377200906498985
2170	145-149	0.12138538215131689
2170	150-151	0.06669117609275332
2171	1	0.19972479130330356
2171	2	0.31457816665652416
2171	3	0.01829536108979113
2171	4	0.24954987197336465
2171	5	-0.028810445512498006
2171	6	0.1496788379405274
2171	7	-0.00538321658741836
2171	8	0.03299276243689775
2171	9	0.08080942893717946
2171	10-14	0.03984730712812734
2171	15-19	0.09888720253584893
2171	20-24	0.09067516318496871
2171	25-29	0.13378866692548286
2171	30-34	0.18847124991599884
2171	35-39	0.09903766159629157
2171	40-44	0.18019975378621922
2171	45-49	0.1384994739461689
2171	50-54	0.007301930127880496
2171	55-59	-0.05509930422746123
2171	60-64	0.1629023874544373
2171	65-69	0.07966291376115464
2171	70-74	0.20692688678577298
2171	75-79	0.08847558360054109
2171	80-84	0.08099946568705008
2171	85-89	0.17499135810403033
2171	90-94	0.20800150041397103
2171	95-99	0.0903926878268706
2171	100-104	0.1609994805633761
2171	105-109	0.12812497104663834
2171	110-114	0.230795506205844
2171	115-119	0.17841941281183438
2171	120-124	0.1709010737430603
2171	125-129	0.12142013097898996
2171	130-134	0.18148888437221444
2171	135-139	0.145438027770588
2171	140-144	0.0189844070901799
2171	145-149	0.11462270295285748
2171	150-151	0.1960622324066108
2172	1	-0.33921061380802797
2172	2	-0.13088672281031677
2172	3	-2.5117197658972827
2172	4	0.06528923663990582
2172	5	-0.004424813496363811
2172	6	-0.3092726230079563
2172	7	-0.2220872584122091
2172	8	0.11982034132280717
2172	9	-0.30524388705762107
2172	10-14	-0.04348315119305113
2172	15-19	0.015830091524989598
2172	20-24	0.04088349098942956
2172	25-29	-0.07273385105440155
2172	30-34	-0.07134868586064869
2172	35-39	-0.05994100139035652
2172	40-44	0.027977811693382648
2172	45-49	0.005660642704960139
2172	50-54	-0.16665311352807066
2172	55-59	0.002022322056355108
2172	60-64	0.04253270512117524
2172	65-69	-0.14047654644425478
2172	70-74	0.011684589606829832
2172	75-79	-0.14982687652525328
2172	80-84	-0.11350505913978282
2172	85-89	0.16611752248395106
2172	90-94	-0.007864585942542135
2172	95-99	0.01196324062537002
2172	100-104	-0.026615630500550935
2172	105-109	0.09792075672111622
2172	110-114	-0.031777143139983366
2172	115-119	0.06264090374890685
2172	120-124	0.06268141396758153
2172	125-129	0.014169129147830972
2172	130-134	-0.009465442742246921
2172	135-139	0.021835947146392698
2172	140-144	0.08947882072038738
2172	145-149	0.27563621108693326
2172	150-151	-0.024538003786702234
2173	1	0.197929628793851
2173	2	0.035146949725309184
2173	3	0.23220314642614426
2173	4	0.27798902541251636
2173	5	-0.10543553999473687
2173	6	0.07541579939177723
2173	7	0.22864928530223239
2173	8	0.043007879594867404
2173	9	0.1290898522176036
2173	10-14	0.14557293071089106
2173	15-19	0.05684260691981535
2173	20-24	0.21168801276924398
2173	25-29	0.1281764220275221
2173	30-34	0.11090133306037586
2173	35-39	0.10733320203468821
2173	40-44	0.00686264116338009
2173	45-49	0.13124323811850047
2173	50-54	0.27714319996915293
2173	55-59	0.33318489834246634
2173	60-64	0.1986166731687362
2173	65-69	0.13913003394256407
2173	70-74	0.1553962745408839
2173	75-79	0.027458954726760965
2173	80-84	0.22508487762961238
2173	85-89	0.2950026959725065
2173	90-94	0.22330762286295425
2173	95-99	0.06930425245273142
2173	100-104	0.12617332788008895
2173	105-109	0.14484832705571193
2173	110-114	0.3004856044673687
2173	115-119	0.15547912558583477
2173	120-124	0.2042533035238634
2173	125-129	0.09082678252850229
2173	130-134	0.06081617084235802
2173	135-139	0.24728987962243565
2173	140-144	0.2415845582617635
2173	145-149	0.21481166742753288
2173	150-151	0.16370206611787097
2174	1	0.10533703620126289
2174	2	0.15896592175856483
2174	3	0.11778515700815717
2174	4	0.15516211687132397
2174	5	0.16251608509974602
2174	6	-0.2457293253247741
2174	7	0.035433109943198815
2174	8	0.20646215019199587
2174	9	0.2670339187330981
2174	10-14	0.05770444998526614
2174	15-19	-0.06641891991313287
2174	20-24	-0.06901871436605234
2174	25-29	0.017462136313234566
2174	30-34	0.08643043358946301
2174	35-39	0.053119294249349025
2174	40-44	0.09244465174539584
2174	45-49	0.02676478006861771
2174	50-54	0.16240397094420445
2174	55-59	0.011737430466418175
2174	60-64	0.04300442827076978
2174	65-69	0.19139760763870584
2174	70-74	0.0661105602551686
2174	75-79	0.04918986931482294
2174	80-84	0.1253872207890936
2174	85-89	0.12703217443056047
2174	90-94	0.18045048000581687
2174	95-99	0.12559676945952702
2174	100-104	0.062019888726645434
2174	105-109	0.13271680778133543
2174	110-114	0.2017138735527837
2174	115-119	0.08454186179142908
2174	120-124	-0.030629538501834475
2174	125-129	0.2923384983259325
2174	130-134	0.07026439457629863
2174	135-139	0.1719686400154785
2174	140-144	0.09602522341671715
2174	145-149	0.14421453968754605
2174	150-151	-0.17256021657298248
2175	1	0.40227046926034404
2175	2	0.4117640305308683
2175	3	-0.061253736035972395
2175	4	-0.18883831052476552
2175	5	0.042310934976868
2175	6	0.18731640605678024
2175	7	-0.25956368458613355
2175	8	0.16609993200628992
2175	9	-0.4669654401727712
2175	10-14	0.005150758351540219
2175	15-19	-0.029334295487444706
2175	20-24	0.041129271529875666
2175	25-29	0.05435443249873373
2175	30-34	0.0874214582715922
2175	35-39	0.09876786781490665
2175	40-44	0.04362266221659894
2175	45-49	-0.035589638138461055
2175	50-54	0.03579856438367557
2175	55-59	0.14058399527034737
2175	60-64	0.10676925357262235
2175	65-69	0.094693899977635
2175	70-74	-0.03660073368649819
2175	75-79	0.029567046363652594
2175	80-84	0.04020718018647074
2175	85-89	-0.16501558708241504
2175	90-94	-0.01416432926868083
2175	95-99	0.20764880493340598
2175	100-104	0.05336244669224044
2175	105-109	0.08968336403735577
2175	110-114	0.18678439390753
2175	115-119	-0.011691710171390923
2175	120-124	-0.010461785536776347
2175	125-129	0.1368197463225087
2175	130-134	0.2168398834105716
2175	135-139	0.10381499112136794
2175	140-144	0.03697778245079775
2175	145-149	-0.05427888909757428
2175	150-151	-0.04240475124548482
2176	1	0.22054440947314902
2176	2	-0.0595347365692831
2176	3	0.20803861322935546
2176	4	0.3695268304987067
2176	5	0.20403023914846585
2176	6	0.04934309073842513
2176	7	0.23979453193134503
2176	8	-0.04589466350122251
2176	9	-0.05096476461120858
2176	10-14	0.0653845026514901
2176	15-19	0.1453355237998437
2176	20-24	0.1318443534417142
2176	25-29	-0.0048558360369952425
2176	30-34	0.10057329073232779
2176	35-39	0.2390212034001138
2176	40-44	0.13654142593894392
2176	45-49	0.11670355557882317
2176	50-54	-0.05043078876612128
2176	55-59	0.05612123560137405
2176	60-64	-0.04171512406630029
2176	65-69	0.10612440158209324
2176	70-74	0.18039166624595282
2176	75-79	0.11362041572694181
2176	80-84	-0.016219099158242045
2176	85-89	0.08919214809744602
2176	90-94	0.15060716203346658
2176	95-99	0.10966062726070902
2176	100-104	0.31221804540867737
2176	105-109	0.1824008104146415
2176	110-114	0.21898773793724047
2176	115-119	0.15098689141617427
2176	120-124	0.16902681436188516
2176	125-129	0.14747740550171073
2176	130-134	0.22708072110690836
2176	135-139	0.20511544712542218
2176	140-144	0.1307342425082183
2176	145-149	0.28717964831164977
2176	150-151	0.41259778211036036
2177	1	0.11996020830474663
2177	2	0.03029338975363771
2177	3	-0.15185301322055977
2177	4	-0.023181661584942503
2177	5	0.060127098008848634
2177	6	-0.1718032982210218
2177	7	-0.17127989021749812
2177	8	-0.06981135133460015
2177	9	0.19006139744111294
2177	10-14	-0.0701251070343929
2177	15-19	-0.1592720454153067
2177	20-24	-0.06879775984251779
2177	25-29	0.0134782592978695
2177	30-34	-0.06423510821780098
2177	35-39	0.07779522761482838
2177	40-44	-0.2421354007480403
2177	45-49	-0.12006284862064831
2177	50-54	0.014950973997400752
2177	55-59	-0.06689425842960617
2177	60-64	-0.002733158102358857
2177	65-69	-0.09992758385521228
2177	70-74	-0.06312641012353737
2177	75-79	0.0856058530311401
2177	80-84	-0.08335990010650818
2177	85-89	-0.041467745222341534
2177	90-94	-0.0026391337924636105
2177	95-99	0.0054872295805878935
2177	100-104	0.04911212719683533
2177	105-109	0.03774921444478707
2177	110-114	0.16341107211724903
2177	115-119	0.17268530814634886
2177	120-124	-0.038832977357692755
2177	125-129	0.10559576973843576
2177	130-134	0.08772114105441631
2177	135-139	0.14163225349236797
2177	140-144	-0.014241796777184845
2177	145-149	0.10524619644474598
2177	150-151	0.5254485144784979
2178	1	-0.4825750517108247
2178	2	-0.13803172345336634
2178	3	-0.25172033749733913
2178	4	-0.20786771044421926
2178	5	-0.4407021252613177
2178	6	-0.17763670366072404
2178	7	-0.15393109727815357
2178	8	-0.14950331291632324
2178	9	-0.17056419743644824
2178	10-14	-0.05155771641975804
2178	15-19	0.052772602849813666
2178	20-24	-0.12832012723890074
2178	25-29	-0.026219182368073746
2178	30-34	-0.06933879717975344
2178	35-39	-0.14362324892175593
2178	40-44	-0.13310479880405524
2178	45-49	-0.065032708157446
2178	50-54	-0.13335741053145256
2178	55-59	-0.22723431207675304
2178	60-64	-0.15907563452357465
2178	65-69	-0.15781746300493182
2178	70-74	-0.08251581337120939
2178	75-79	-0.11077873351092649
2178	80-84	-0.03348248093775652
2178	85-89	-0.06091915994934283
2178	90-94	-0.010208860653520446
2178	95-99	-0.16659318344471075
2178	100-104	-0.019573517866760426
2178	105-109	-0.17615289394550615
2178	110-114	-0.09754044355867819
2178	115-119	-0.19450052439381693
2178	120-124	-0.06642231715176194
2178	125-129	-0.08442759272587352
2178	130-134	-0.004853344827147055
2178	135-139	-0.11225427992172854
2178	140-144	-0.010999894322694104
2178	145-149	0.02215802477389417
2178	150-151	-0.007136354720543636
2201	1	0.00614801561486189
2201	2	0.3459646295386207
2201	3	-0.4061023455911368
2201	4	0.16177174762318458
2201	5	-1.2696646474552864
2201	6	-0.10015777792852276
2201	7	-0.11548555446579911
2201	8	-0.10453954306172619
2201	9	-0.15663598590997907
2201	10-14	-0.0932015892863376
2201	15-19	-1.3247982978651862
2201	20-24	-0.3311113680214035
2201	25-29	-0.5400914091224109
2201	30-34	-1.3544252536635994
2201	35-39	-0.8550521402633109
2201	40-44	-1.5716383176869115
2201	45-49	-0.43470255795828905
2201	50-54	0.04830837637450003
2201	55-59	-0.6451358428603768
2201	60-64	-1.0426808938930279
2201	65-69	-0.35597636378392394
2201	70-74	-0.46568919021271427
2201	75-79	-0.5142313943871599
2201	80-84	-0.6874310069386738
2201	85-89	-1.0288830737647885
2201	90-94	-0.3342303268147262
2201	95-99	-0.27097439175604876
2201	100-104	-0.5124186639870203
2201	105-109	-0.5656181593933098
2201	110-114	-0.1420411393694181
2201	115-119	-0.1632658202333559
2201	120-124	-0.1760013116652459
2201	125-129	-0.1534536176471022
2201	130-134	-0.0678130197955582
2201	135-139	-0.031199526814567946
2201	140-144	-0.2713610760812486
2201	145-149	-0.373947834432407
2201	150-151	0.05455486526761888
2202	1	-0.5647167593755498
2202	2	0.19559281100799097
2202	3	-0.32535590694880767
2202	4	0.013970075201093834
2202	5	-0.051086510750309344
2202	6	0.07747464245480273
2202	7	-0.26249547571701015
2202	8	-3.637893583733373
2202	9	-0.043841896027956295
2202	10-14	-0.48238748637086815
2202	15-19	-0.4522008058892837
2202	20-24	-0.38796884672024845
2202	25-29	-0.6161750424076189
2202	30-34	-0.5132956074545589
2202	35-39	-0.4718835520774647
2202	40-44	-0.23792494379156182
2202	45-49	-0.9073633900278679
2202	50-54	-0.9074619670627939
2202	55-59	-0.7831441623380684
2202	60-64	-0.6414311451217714
2202	65-69	-0.46414419067057366
2202	70-74	-1.030178541159458
2202	75-79	-0.10894493272314776
2202	80-84	-0.24921500503847938
2202	85-89	-0.1315829452574775
2202	90-94	-0.0883879340208864
2202	95-99	-0.16683840544725825
2202	100-104	-0.20397433322991532
2202	105-109	-0.028844971742188363
2202	110-114	-0.18134123133436475
2202	115-119	-0.26603024989844215
2202	120-124	-0.32098191376156393
2202	125-129	-0.239369582395895
2202	130-134	-0.29937952993911665
2202	135-139	-0.2814099499142202
2202	140-144	-0.4427837311274416
2202	145-149	-0.4271998001069477
2202	150-151	-0.467720749405359
2203	1	0.0771652080294345
2203	2	-0.515054700476341
2203	3	-0.4170550028320008
2203	4	-0.8662593188358301
2203	5	-0.22536745992665885
2203	6	0.041294365270346134
2203	7	0.032981989634933484
2203	8	-0.27198083539384754
2203	9	-0.44454022141247407
2203	10-14	-0.6031361379981774
2203	15-19	-0.28528933521211997
2203	20-24	-0.5163920553108241
2203	25-29	-0.224131270280175
2203	30-34	-0.058979156820122114
2203	35-39	-0.1573695026680184
2203	40-44	-0.13542248112172928
2203	45-49	-0.18696078008550643
2203	50-54	-0.1479827851568345
2203	55-59	-0.10670484154728399
2203	60-64	-0.258406303854251
2203	65-69	-0.13326201844949281
2203	70-74	-0.10570262655802765
2203	75-79	-0.04625325898545185
2203	80-84	-0.15458138203664618
2203	85-89	-0.1782817973119819
2203	90-94	-0.23463443507910142
2203	95-99	-0.17410567095719642
2203	100-104	-0.26181128010452426
2203	105-109	-0.23445459224721077
2203	110-114	-0.3398681158863468
2203	115-119	-0.2498251997184937
2203	120-124	-0.16523350596293795
2203	125-129	-0.37943258773086797
2203	130-134	-0.2778703278441341
2203	135-139	-0.30316337083082345
2203	140-144	-0.2900408533636494
2203	145-149	-0.31081899820313197
2203	150-151	-0.4469465445307321
2204	1	-0.5598475762093358
2204	2	-0.016528057971349597
2204	3	-0.44820653060057936
2204	4	-1.4433990938105126
2204	5	-0.9188542167422327
2204	6	-0.330430797253193
2204	7	0.07318752158607111
2204	8	0.011763025616588152
2204	9	-0.05535430583954337
2204	10-14	-0.062241146656639046
2204	15-19	-0.026163886912115686
2204	20-24	-0.03932400833749483
2204	25-29	-0.2110657971876364
2204	30-34	0.04367477923030094
2204	35-39	-0.04543294125920028
2204	40-44	-0.13641191117746843
2204	45-49	-0.08674975971210586
2204	50-54	-0.065383165561272
2204	55-59	-0.1468725223103604
2204	60-64	-0.04886061273887066
2204	65-69	-0.14315404793556752
2204	70-74	-0.10108932375798219
2204	75-79	-0.20240909232666837
2204	80-84	-0.19927379381972798
2204	85-89	-0.2830220908479433
2204	90-94	-0.2445060249236306
2204	95-99	-0.16743780566957156
2204	100-104	-0.11941738171603333
2204	105-109	-0.16914312428350087
2204	110-114	-0.3339610594786251
2204	115-119	-0.0623126851694451
2204	120-124	-0.1772217342434601
2204	125-129	-0.3292267718958257
2204	130-134	-0.21327651840594797
2204	135-139	-0.2707324729060048
2204	140-144	-0.3043841825648883
2204	145-149	-0.21899277300749276
2204	150-151	-0.32345704350402826
2205	1	-0.39635915678780975
2205	2	0.32595679462486515
2205	3	-0.13131963002538782
2205	4	-0.2327814510571713
2205	5	-0.08865509577366026
2205	6	-0.18860396858577388
2205	7	0.16499667679474328
2205	8	-0.12848211775264673
2205	9	-0.03957315681479656
2205	10-14	-0.04297671958018867
2205	15-19	-0.02278772073161406
2205	20-24	-0.02601214498368165
2205	25-29	0.03081494445496702
2205	30-34	-0.03749531085078672
2205	35-39	-0.3106562159547295
2205	40-44	-0.0714735540593523
2205	45-49	-0.10090066605705772
2205	50-54	-0.1695544588657043
2205	55-59	-0.20123036879048328
2205	60-64	-0.20236334944717527
2205	65-69	-0.11283210535466992
2205	70-74	-0.19100402700453856
2205	75-79	-0.14285417785549726
2205	80-84	-0.16886187726701252
2205	85-89	-0.2789596946125741
2205	90-94	-0.11027699832060733
2205	95-99	-0.1898991650620374
2205	100-104	-0.08452176223453023
2205	105-109	0.04018274930305665
2205	110-114	-0.16602749740193445
2205	115-119	-0.29152566284375325
2205	120-124	-0.12082661997295219
2205	125-129	-0.07238607224108051
2205	130-134	-0.21424909419651783
2205	135-139	-0.07870445244050472
2205	140-144	-0.39875831004944473
2205	145-149	-0.29138397412430805
2205	150-151	-0.05676812137078713
2206	1	-0.07227946494464987
2206	2	-0.3374940258568415
2206	3	-0.3156564014334009
2206	4	0.137154913990166
2206	5	0.09125121551554827
2206	6	0.09481143643447609
2206	7	0.10698445775504695
2206	8	0.33439514157036854
2206	9	-0.13643656036763474
2206	10-14	-0.03827394137127271
2206	15-19	-0.10005692056793691
2206	20-24	-0.05581616061727601
2206	25-29	-0.04562036941632641
2206	30-34	-0.0988063884120507
2206	35-39	-0.06413215178361042
2206	40-44	-0.005015241302736229
2206	45-49	-0.18659056206823976
2206	50-54	-0.13036040753446088
2206	55-59	0.01493234479578831
2206	60-64	-0.0236140372972784
2206	65-69	-0.1497079254836322
2206	70-74	-0.090211059301744
2206	75-79	0.014075823696572343
2206	80-84	-0.24062827631884431
2206	85-89	-0.05492515395534525
2206	90-94	-0.021841345815417412
2206	95-99	-0.09285515676550915
2206	100-104	-0.05026047796548738
2206	105-109	0.015097032598539784
2206	110-114	0.05405208156325614
2206	115-119	-0.08446937906855823
2206	120-124	-0.29515534882596484
2206	125-129	-0.13208581685468346
2206	130-134	-0.11191393129950455
2206	135-139	-0.24466892410107732
2206	140-144	-0.1954213552147408
2206	145-149	-0.20018140050671462
2206	150-151	-0.177921451976232
2207	1	-0.02154141158264622
2207	2	-0.21862755904254527
2207	3	0.040293241466976326
2207	4	0.06615154593189487
2207	5	-0.04524771282954276
2207	6	-0.053322602316001166
2207	7	-0.09941770122014759
2207	8	-0.046241727630771834
2207	9	-0.4586379745248692
2207	10-14	-0.25003081455997034
2207	15-19	-0.09695303768807406
2207	20-24	-0.23965446533755141
2207	25-29	-0.026151141221475882
2207	30-34	-0.02729887970708944
2207	35-39	0.009450308679092245
2207	40-44	-0.07216919645699704
2207	45-49	-0.12612999968083471
2207	50-54	-0.21434539724514678
2207	55-59	-0.2879643277335333
2207	60-64	-0.20476928840631103
2207	65-69	-0.23015324972154616
2207	70-74	-0.18251508174597575
2207	75-79	-0.2133621022061476
2207	80-84	-0.2820667861132691
2207	85-89	-0.2844131094086748
2207	90-94	-0.23429176842485333
2207	95-99	-0.4667936487583617
2207	100-104	-0.14777181756972624
2207	105-109	-0.21262002202382746
2207	110-114	-0.36550330626188554
2207	115-119	-0.09049414462179328
2207	120-124	-0.36508563785236703
2207	125-129	-0.2813591565016438
2207	130-134	-0.31887933215541153
2207	135-139	-0.27553400951303786
2207	140-144	-0.4510256475308694
2207	145-149	-0.2996480652745461
2207	150-151	-0.3485602437476345
2208	1	-0.058853439989213996
2208	2	-0.17192183334347533
2208	3	-0.22559579537279717
2208	4	0.021311776735267074
2208	5	0.07568615312695925
2208	6	0.1665904025663778
2208	7	-0.12502267236973097
2208	8	-0.029034448447461614
2208	9	0.021809428937181963
2208	10-14	-0.11527786293990516
2208	15-19	-0.11611823964102541
2208	20-24	-0.03240510892388215
2208	25-29	-0.07689024463913796
2208	30-34	0.034439957398994636
2208	35-39	0.058943784045276004
2208	40-44	-0.10442201492126912
2208	45-49	-0.005429777754514475
2208	50-54	-0.004202831776879634
2208	55-59	-0.03420134504378325
2208	60-64	-0.2128118982598437
2208	65-69	0.05987924029177094
2208	70-74	-0.12071801117340897
2208	75-79	-0.19268496061715013
2208	80-84	0.08993143847617091
2208	85-89	0.03525666422648044
2208	90-94	-0.06286380570847427
2208	95-99	-0.04399098564251602
2208	100-104	-0.042465825559062864
2208	105-109	-0.13567230786492246
2208	110-114	-0.04398000399824298
2208	115-119	-0.14786902256231826
2208	120-124	-0.18663770176713967
2208	125-129	-0.034578508476791114
2208	130-134	0.03401405444024164
2208	135-139	-0.22722863889607936
2208	140-144	-0.03502919835199236
2208	145-149	-0.042936480720612735
2208	150-151	-0.3611656587498544
2209	1	0.09297256977554014
2209	2	-0.01356763893601709
2209	3	0.07757686330452174
2209	4	-0.03504685619859771
2209	5	-0.03193213360184899
2209	6	0.1863578237825365
2209	7	0.28939721222858594
2209	8	-0.006294989947683405
2209	9	-0.32548218224791015
2209	10-14	0.047705536971321294
2209	15-19	-0.015994315983675733
2209	20-24	0.07246271175965546
2209	25-29	0.26466110911141527
2209	30-34	0.06484492854857393
2209	35-39	0.12982314489747182
2209	40-44	0.15685876625938278
2209	45-49	0.15456241043900576
2209	50-54	0.03758536174287741
2209	55-59	0.09765484670055713
2209	60-64	0.007747356067717703
2209	65-69	0.07237671033171722
2209	70-74	0.19218531772139613
2209	75-79	0.15627837715471316
2209	80-84	0.08144852680284487
2209	85-89	-0.0063838151343773575
2209	90-94	0.10925017564971284
2209	95-99	0.012567203438713648
2209	100-104	-0.0513670239611983
2209	105-109	0.05475680886831924
2209	110-114	0.09361786550908846
2209	115-119	0.18860039599071854
2209	120-124	0.18298360315962725
2209	125-129	0.1154451044837046
2209	130-134	0.09070788488853765
2209	135-139	0.2347189864922825
2209	140-144	0.24617808083131365
2209	145-149	0.10993915176940305
2209	150-151	-0.20541776704989445
2210	1	0.1832420484032511
2210	2	-0.032415920071464654
2210	3	-0.1855046871818189
2210	4	-0.20415296264274474
2210	5	0.09272338483961562
2210	6	-0.18387127067058628
2210	7	-0.025781323267672462
2210	8	0.24146577056261265
2210	9	0.017898785047563592
2210	10-14	0.06869830876399163
2210	15-19	-0.0762710210689761
2210	20-24	-0.03462184129356416
2210	25-29	-0.003886652873923424
2210	30-34	-0.1298498367315304
2210	35-39	-0.03838289138179363
2210	40-44	-0.06284444155289037
2210	45-49	-0.05366175322537714
2210	50-54	-0.14373993208349845
2210	55-59	-0.13135771823694853
2210	60-64	-0.010919651216482862
2210	65-69	-0.06647870977393922
2210	70-74	-0.2514743843665741
2210	75-79	0.0779932697814516
2210	80-84	-0.10254863160705696
2210	85-89	-0.07090890738981415
2210	90-94	0.009979295474174421
2210	95-99	-0.06971082795526229
2210	100-104	-0.08153652201109907
2210	105-109	-0.1830639854820859
2210	110-114	-0.22151482660007815
2210	115-119	-0.2180741912000741
2210	120-124	-0.10038067154375341
2210	125-129	-0.035439130465398705
2210	130-134	-0.20573925261188464
2210	135-139	-0.021776164082247362
2210	140-144	-0.06386844495733612
2210	145-149	-0.3403010010885481
2210	150-151	-0.015392553186998725
2211	1	0.0779654576485811
2211	2	-0.43296120342221656
2211	3	-0.03111810508408297
2211	4	-0.30664622851407586
2211	5	-0.16297001485204277
2211	6	0.08278987763199552
2211	7	0.1830508184439239
2211	8	0.24514927858665914
2211	9	-0.12489923248014634
2211	10-14	0.03013736015720525
2211	15-19	-0.1435240139192402
2211	20-24	0.049312476377956216
2211	25-29	0.014003193681062953
2211	30-34	-0.06685978013381799
2211	35-39	-0.06446199023294241
2211	40-44	-0.03951072883202755
2211	45-49	-0.06809434468364373
2211	50-54	-0.19869731996585926
2211	55-59	-0.05009635816714564
2211	60-64	-0.13921609773490218
2211	65-69	-0.03536065472135874
2211	70-74	-0.07887444161959678
2211	75-79	-0.05140202098460378
2211	80-84	-0.1479268292403617
2211	85-89	-0.08241262711209885
2211	90-94	0.015208635236412249
2211	95-99	-0.2244340302619321
2211	100-104	-0.09576976256694536
2211	105-109	-0.041515877418724756
2211	110-114	-0.18777003024495542
2211	115-119	0.1364648357054037
2211	120-124	-0.14486972276451837
2211	125-129	-0.027737563594897097
2211	130-134	-0.19679329464112527
2211	135-139	-0.0699163029380756
2211	140-144	-0.036813975254887055
2211	145-149	-0.11312650696732618
2211	150-151	-0.0165462361776747
2212	1	-0.12074507414612867
2212	2	0.2111158779699167
2212	3	0.17748699613132146
2212	4	0.04448299476734263
2212	5	0.27645945178321796
2212	6	0.1848756214653804
2212	7	-0.03743186179322322
2212	8	0.07820785757768078
2212	9	0.2799316656081814
2212	10-14	0.07407211538691882
2212	15-19	0.07772866109586118
2212	20-24	0.2172163908593916
2212	25-29	0.22479540772323503
2212	30-34	-0.023494329553756188
2212	35-39	-0.011566489036653138
2212	40-44	0.1965083708611317
2212	45-49	0.19187650746438578
2212	50-54	0.06949773172550522
2212	55-59	0.13674273818118365
2212	60-64	0.14812438262442384
2212	65-69	0.02597338853623654
2212	70-74	0.06942191080318594
2212	75-79	0.053033981732227176
2212	80-84	0.17778232707608765
2212	85-89	0.03295757449956227
2212	90-94	0.1003278717947822
2212	95-99	0.07282149810260563
2212	100-104	0.11434665818605083
2212	105-109	0.22587914423737487
2212	110-114	0.18928917675598456
2212	115-119	0.2114055331377287
2212	120-124	0.059560477686694924
2212	125-129	0.10779721757435112
2212	130-134	0.07636030498206736
2212	135-139	-0.10404181618260111
2212	140-144	-0.024955509578695967
2212	145-149	-0.06870709190397406
2212	150-151	0.1672695384759848
2213	1	-0.14863121776699728
2213	2	-0.03363611905776054
2213	3	-0.2254688112458112
2213	4	0.22243346985695922
2213	5	-0.15570009025928755
2213	6	0.09393431791029627
2213	7	-0.17082161416866626
2213	8	0.13295496954195585
2213	9	-0.2280530049252576
2213	10-14	0.023350708488671046
2213	15-19	0.12033467041188572
2213	20-24	0.07782557890681119
2213	25-29	0.046165840016939796
2213	30-34	-0.02560660344757082
2213	35-39	0.029555424256905383
2213	40-44	0.14178327608401986
2213	45-49	-0.045476338601076804
2213	50-54	0.05915378197973098
2213	55-59	-0.01231774716018208
2213	60-64	-0.02730925275719187
2213	65-69	0.07775437256690054
2213	70-74	0.03740685655145626
2213	75-79	0.08513091239872494
2213	80-84	-0.18285163030689944
2213	85-89	0.01722491819473504
2213	90-94	-0.1359516363962996
2213	95-99	-0.0619126787642017
2213	100-104	-0.09075788905112603
2213	105-109	0.032149914357290754
2213	110-114	-0.1148583108765493
2213	115-119	-0.010129340022636768
2213	120-124	0.023300922571479532
2213	125-129	0.187652179353897
2213	130-134	-0.0010885910623983364
2213	135-139	0.09755442988698348
2213	140-144	-0.22084930417209847
2213	145-149	-0.09629944368357712
2213	150-151	-0.07703867462286951
2214	1	0.30721673544938
2214	2	-0.34134288597505247
2214	3	0.041281397609658654
2214	4	-0.0987583987033318
2214	5	0.3254054513725748
2214	6	0.0750816306365536
2214	7	-0.1983209179837644
2214	8	0.1535620427806137
2214	9	-0.01787478158913558
2214	10-14	-0.08895505592236219
2214	15-19	-0.09884104665856341
2214	20-24	-0.019303354537917983
2214	25-29	2.8168518541349385E-4
2214	30-34	-0.011953025057145794
2214	35-39	-0.00486674227051509
2214	40-44	-0.0346606114124981
2214	45-49	-0.042875391789600314
2214	50-54	-0.16969055107512787
2214	55-59	0.044009181272002706
2214	60-64	-0.007022424575630737
2214	65-69	-0.06346812812928704
2214	70-74	-0.19242327433130413
2214	75-79	-0.012270925529428212
2214	80-84	-0.15968259661154605
2214	85-89	-0.2162170199840432
2214	90-94	-0.017369068866365467
2214	95-99	-0.055106775116193774
2214	100-104	-0.1793710887169624
2214	105-109	-0.25393195698772786
2214	110-114	0.12886210126491449
2214	115-119	-0.09565147870267054
2214	120-124	-0.08840612281977656
2214	125-129	-0.023687280406605282
2214	130-134	-0.14997191047203273
2214	135-139	-0.11771986696626158
2214	140-144	0.04742694199887865
2214	145-149	0.038242466647808726
2214	150-151	0.14234311317997594
2215	1	-0.4126852321512615
2215	2	-0.00221509622326721
2215	3	-0.1783320349148454
2215	4	-0.16399513651880682
2215	5	-0.2463076821878829
2215	6	-0.013175339397513142
2215	7	-0.15856912767576148
2215	8	0.1315221345556239
2215	9	-0.20766481148554305
2215	10-14	-0.18343673568318764
2215	15-19	0.02912808356460772
2215	20-24	-0.2542147082193438
2215	25-29	-0.17472978669110262
2215	30-34	-0.07303833410254867
2215	35-39	-0.12465885796265752
2215	40-44	-0.007786523948134061
2215	45-49	-0.0579014642362381
2215	50-54	-0.2022470413761681
2215	55-59	0.03339178573560986
2215	60-64	-0.07769961292298433
2215	65-69	-0.008153520606512643
2215	70-74	-0.10971034935042212
2215	75-79	-0.2913636043864116
2215	80-84	-0.25827816081929456
2215	85-89	-0.1709573384155334
2215	90-94	-0.14846063529896014
2215	95-99	-0.2551846448234869
2215	100-104	-0.1285868295220851
2215	105-109	-0.1759815989261213
2215	110-114	-0.1589707569705041
2215	115-119	-0.13780332463189637
2215	120-124	-0.057840872176647906
2215	125-129	-0.10185178016327257
2215	130-134	-0.1239258839129036
2215	135-139	-0.06863066443550281
2215	140-144	-0.20424099932073148
2215	145-149	-0.15909605799934212
2215	150-151	-0.2353180145402547
2216	1	0.027584060010781286
2216	2	0.27160941665652416
2216	3	0.17582087129387247
2216	4	0.35743677673526975
2216	5	-0.159709680206376
2216	6	0.13692373589971396
2216	7	0.09910232763026983
2216	8	-0.02982611511412614
2216	9	0.05737192893717946
2216	10-14	-0.022036196273234054
2216	15-19	-0.0043015729743558495
2216	20-24	0.0899948910761239
2216	25-29	0.08650975536085781
2216	30-34	0.12326079073232421
2216	35-39	0.09194795071194051
2216	40-44	0.09765298507873155
2216	45-49	0.04870355557882533
2216	50-54	-0.09783199844354584
2216	55-59	-0.029993011710445217
2216	60-64	0.07458393507349115
2216	65-69	-0.173791593041571
2216	70-74	0.02280698882659493
2216	75-79	0.046490039382845794
2216	80-84	-0.04115189485715831
2216	85-89	0.04606916422648055
2216	90-94	-0.09276380570847209
2216	95-99	-0.01774931897585219
2216	100-104	-0.004869992225728481
2216	105-109	-0.07861397453158503
2216	110-114	-0.05016750399823877
2216	115-119	-0.1280856892289819
2216	120-124	0.13750396489952266
2216	125-129	0.14200899152320545
2216	130-134	-0.008190112226422741
2216	135-139	-0.09102030556275764
2216	140-144	-0.13638336501866632
2216	145-149	-0.1072948140539367
2216	150-151	-0.06767607541651444
2217	1	0.005089746872748435
2217	2	-0.04685658700525863
2217	3	0.09089244253222262
2217	4	0.14338190545253582
2217	5	0.23437945095207624
2217	6	0.02923398889571871
2217	7	0.19086192594362927
2217	8	0.2680059421428638
2217	9	-0.2322731276540324
2217	10-14	0.07646718810315178
2217	15-19	0.0804104776248451
2217	20-24	-0.08466112312715524
2217	25-29	0.02870904519662787
2217	30-34	0.062181812703030914
2217	35-39	0.243804503086551
2217	40-44	0.26711176226470457
2217	45-49	0.10289796303555221
2217	50-54	0.10789162006511077
2217	55-59	0.05291450049549695
2217	60-64	0.2090789139904885
2217	65-69	0.08143130420654643
2217	70-74	0.04384976512486105
2217	75-79	0.040166526289198146
2217	80-84	0.1397707638201524
2217	85-89	0.15659887461263367
2217	90-94	0.043737525849444125
2217	95-99	0.16596267614177407
2217	100-104	0.06634269641163826
2217	105-109	0.1660750512118554
2217	110-114	0.16072838481667873
2217	115-119	0.22322090198273514
2217	120-124	0.237843789577731
2217	125-129	0.052062947359871714
2217	130-134	0.17006873708560732
2217	135-139	-0.01667914932662029
2217	140-144	0.29624465872745986
2217	145-149	0.2718565951781855
2217	150-151	0.09218542868912039
2218	1	0.2614216922859143
2218	2	-0.3114138968355391
2218	3	0.05495446917746705
2218	4	0.0107932582167507
2218	5	0.003030068470870617
2218	6	-0.13886991489393807
2218	7	-0.05441949776655264
2218	8	-0.2506429140559234
2218	9	0.1661268892546417
2218	10-14	-0.13273394759598744
2218	15-19	-0.1701415200643055
2218	20-24	-0.18196278088155537
2218	25-29	-0.11203521818411133
2218	30-34	-0.05893993678089515
2218	35-39	-0.2185927238912342
2218	40-44	-0.20795217365142804
2218	45-49	-0.194153587278322
2218	50-54	-0.1964017735758219
2218	55-59	-0.18586272070515975
2218	60-64	-0.2611716866196332
2218	65-69	-0.0026689078563819635
2218	70-74	-0.20703758789298377
2218	75-79	-0.11433998707217086
2218	80-84	-0.25904210649737536
2218	85-89	-0.29494439397458194
2218	90-94	-0.122724123168787
2218	95-99	-0.1973624142139485
2218	100-104	-0.40663090492414966
2218	105-109	-0.08107759887020904
2218	110-114	-0.23178952780776285
2218	115-119	-0.09372722362051178
2218	120-124	-0.15236045308989077
2218	125-129	-0.3938293021275854
2218	130-134	-0.25452774450155147
2218	135-139	-0.23524980291724518
2218	140-144	-0.37058475390754353
2218	145-149	-0.27354812093226144
2218	150-151	-0.22783232541651444
2219	1	0.1700025911391876
2219	2	-0.20512027692323898
2219	3	0.0044119867283711756
2219	4	0.19662695183254186
2219	5	0.15188848775730435
2219	6	0.14032840516041745
2219	7	0.2482795325589393
2219	8	-0.015254941313870063
2219	9	0.03849425383990024
2219	10-14	-0.08102209121487647
2219	15-19	-0.03848607362286316
2219	20-24	-0.12647722306136444
2219	25-29	-0.043937715456266346
2219	30-34	-0.030518797464829106
2219	35-39	-0.046583583010509244
2219	40-44	0.012645689358876666
2219	45-49	-0.03287880499186713
2219	50-54	-0.15693746212707538
2219	55-59	-0.03588227889592588
2219	60-64	-0.16814263755945547
2219	65-69	-0.01133009822964226
2219	70-74	-0.0016539385404641394
2219	75-79	0.08526679035561102
2219	80-84	0.06919992096643313
2219	85-89	-0.059570832530980056
2219	90-94	0.035203120361565254
2219	95-99	0.012013164811442323
2219	100-104	0.0016576504461198738
2219	105-109	0.04909760134389529
2219	110-114	-0.02834316871938114
2219	115-119	0.07218182049863486
2219	120-124	-0.10090800008101297
2219	125-129	-0.1279346693068817
2219	130-134	0.014971771690568403
2219	135-139	-0.0070263042657359165
2219	140-144	-0.11788263544667643
2219	145-149	-0.07899147423553643
2219	150-151	-0.1383381619923938
2220	1	0.03839612371061207
2220	2	-0.19033021030682562
2220	3	-0.011515516140683246
2220	4	-0.06318386026298839
2220	5	0.05801774125959014
2220	6	-0.10064170912646375
2220	7	0.028394430597110443
2220	8	0.02473867546179065
2220	9	-0.07429528310470346
2220	10-14	0.03289944945101553
2220	15-19	0.04448769404134367
2220	20-24	-0.030074916951804198
2220	25-29	0.04335966810082681
2220	30-34	0.22878271481609858
2220	35-39	-0.008561975117032716
2220	40-44	0.11116192923230983
2220	45-49	0.05603339851076328
2220	50-54	1.964701428462945E-4
2220	55-59	0.1772332099300371
2220	60-64	-0.012078913966647065
2220	65-69	0.0015001827001484003
2220	70-74	0.08015319301507162
2220	75-79	0.12642568510710817
2220	80-84	-0.026284966410393906
2220	85-89	0.153832580456843
2220	90-94	0.011490120993101982
2220	95-99	-0.03371245161110181
2220	100-104	0.024566635173918883
2220	105-109	-0.06790825899930297
2220	110-114	-0.13782293593541084
2220	115-119	-0.03629904001432038
2220	120-124	0.061789523363749765
2220	125-129	0.10017053166281897
2220	130-134	0.07547862686607942
2220	135-139	0.03836996494335665
2220	140-144	0.16786783480682743
2220	145-149	0.05619231509090383
2220	150-151	-0.21256181930831985
2221	1	0.10165515107607348
2221	2	-0.25694245190017995
2221	3	0.08335953108768734
2221	4	-0.2602071236083745
2221	5	-0.07554408742286967
2221	6	0.10212992146672661
2221	7	0.15327973312855647
2221	8	0.07149476117453446
2221	9	-0.04161325147519079
2221	10-14	0.14711114049652707
2221	15-19	0.05787626207718688
2221	20-24	0.03569935843007954
2221	25-29	0.09157848388319678
2221	30-34	0.12166607423748133
2221	35-39	0.03728192837516531
2221	40-44	0.054558053807255646
2221	45-49	0.10437365867160509
2221	50-54	0.1596583366079969
2221	55-59	0.09289143846137193
2221	60-64	0.07254892648242617
2221	65-69	0.13723181761135095
2221	70-74	0.07329023624927089
2221	75-79	0.02259613903920865
2221	80-84	0.13936786459301231
2221	85-89	0.04006078793782564
2221	90-94	-0.003201950038366874
2221	95-99	0.07966262260490709
2221	100-104	0.25314654557494976
2221	105-109	0.18071807014194974
2221	110-114	0.08119525373371772
2221	115-119	-0.05469651397125119
2221	120-124	-0.010316052282611565
2221	125-129	0.08779400011427185
2221	130-134	0.14252402007598874
2221	135-139	-0.010232075322207379
2221	140-144	-0.00403263477811322
2221	145-149	0.004292385258771958
2221	150-151	-0.06009177558834011
2222	1	0.15915933140286853
2222	2	-0.13681072223236157
2222	3	-0.14190741733958845
2222	4	0.09189159793577772
2222	5	0.10237325402095365
2222	6	-0.1196216025421748
2222	7	-0.024680399061935532
2222	8	-0.609427807323577
2222	9	0.0640469768298999
2222	10-14	0.03391447422485072
2222	15-19	0.01181432740878563
2222	20-24	-0.17271264404520537
2222	25-29	-0.0188223008332713
2222	30-34	-0.009076773124633064
2222	35-39	-0.0031210946265005646
2222	40-44	-0.08332163177950491
2222	45-49	-0.04899759384645819
2222	50-54	-0.1145006606402248
2222	55-59	-0.11977988910508941
2222	60-64	-0.0016752443645700055
2222	65-69	0.027343863535698176
2222	70-74	-0.03785313250163114
2222	75-79	-0.12990284056606782
2222	80-84	-0.12671223968474976
2222	85-89	0.10987224532482287
2222	90-94	-0.0583927967685014
2222	95-99	-0.09701576214315111
2222	100-104	-0.027904395163155016
2222	105-109	-0.03119619036811372
2222	110-114	-0.29469775623322647
2222	115-119	0.07476392762925599
2222	120-124	-0.07332378094977088
2222	125-129	-0.2444952390004147
2222	130-134	-0.13323600941671998
2222	135-139	-0.22563476916428016
2222	140-144	-0.16381591610422674
2222	145-149	-0.24738501201052543
2222	150-151	-0.3108463739478111
2223	1	0.2699734333957977
2223	2	-0.03474353876983116
2223	3	-0.03388520105755077
2223	4	0.42466061394456744
2223	5	-0.14616397607201037
2223	6	0.13853872297981695
2223	7	-0.0998237059614624
2223	8	-0.1661713993518532
2223	9	0.061106586559915854
2223	10-14	-0.05221222986497054
2223	15-19	-0.0460489889950253
2223	20-24	-0.11594826137866221
2223	25-29	-0.1413326219001263
2223	30-34	-0.07612955164493229
2223	35-39	0.008206833140874892
2223	40-44	-0.07532020613574275
2223	45-49	-0.07920342116536006
2223	50-54	0.013355824553869411
2223	55-59	-0.09495586700761294
2223	60-64	0.008583450577368978
2223	65-69	-0.13333212921727267
2223	70-74	-0.11429733933877628
2223	75-79	-0.1062312138471242
2223	80-84	-0.19649750209231343
2223	85-89	-0.14113610063139959
2223	90-94	0.06863800307705503
2223	95-99	0.14128653373732902
2223	100-104	-0.06628391341436668
2223	105-109	0.0869302761144084
2223	110-114	0.08375126215163675
2223	115-119	-0.032979100081689694
2223	120-124	-5.209059015101047E-4
2223	125-129	0.017650948887556694
2223	130-134	-0.01837664323417698
2223	135-139	-0.08802450452915878
2223	140-144	-0.02200594253804411
2223	145-149	-0.18992562800743684
2223	150-151	0.08095320429924868
2224	1	0.05635212280956381
2224	2	-0.0015072309966726039
2224	3	-5.562473501967702E-4
2224	4	-0.07194854486403557
2224	5	-0.0807188881594385
2224	6	0.22444003316177685
2224	7	-0.019548530692198085
2224	8	-0.005156134670841084
2224	9	0.09238048499975804
2224	10-14	-0.015657176281926866
2224	15-19	0.04696146483528452
2224	20-24	-0.09336017193995616
2224	25-29	-0.04587833677300068
2224	30-34	-0.06389085529114169
2224	35-39	-0.12499780656750659
2224	40-44	0.0011473896854283794
2224	45-49	-0.03747636619432626
2224	50-54	0.07494953675854532
2224	55-59	0.024479228619846083
2224	60-64	0.058739601088262816
2224	65-69	-0.010583341194539742
2224	70-74	0.043345613337677946
2224	75-79	0.025326686492803674
2224	80-84	0.06424521509502767
2224	85-89	0.03209629916780443
2224	90-94	-0.004742293322550495
2224	95-99	0.07553756716061599
2224	100-104	0.12644995019060445
2224	105-109	0.032787318384535524
2224	110-114	0.003884402781423546
2224	115-119	-0.01370335546106105
2224	120-124	0.08475108571655454
2224	125-129	0.06418481181872693
2224	130-134	-0.12425174303911035
2224	135-139	0.07118770182533751
2224	140-144	-0.06557244042065946
2224	145-149	0.07565960793649396
2224	150-151	0.1974175659350692
2225	1	0.16044943649132648
2225	2	0.024920806250435135
2225	3	0.42915208956798523
2225	4	0.15283123528010378
2225	5	0.19851525634184952
2225	6	0.034766375493624935
2225	7	0.12461522949152481
2225	8	0.23104000163714034
2225	9	-0.0150027538039339
2225	10-14	0.11825039425129802
2225	15-19	0.2353240615434089
2225	20-24	0.1624145188256918
2225	25-29	0.20533378243360545
2225	30-34	0.27923318920948503
2225	35-39	0.20507982465440477
2225	40-44	0.30779998169463596
2225	45-49	0.1466730987260263
2225	50-54	0.3041112122163554
2225	55-59	0.34766667526078265
2225	60-64	0.18556373625792588
2225	65-69	0.3206061438450689
2225	70-74	0.3509002629382678
2225	75-79	0.10923855884139044
2225	80-84	0.1456607108957968
2225	85-89	0.19371351701835948
2225	90-94	0.15564989987528577
2225	95-99	0.25252881131180516
2225	100-104	0.2194346820551445
2225	105-109	0.048167962862656566
2225	110-114	0.2656240569154633
2225	115-119	0.288380046811632
2225	120-124	0.35226179061864826
2225	125-129	0.22807868272456489
2225	130-134	0.24864417288355867
2225	135-139	0.39188472827819254
2225	140-144	0.3323481282131482
2225	145-149	0.23468382384792363
2225	150-151	0.04078019573407232
2226	1	-0.39273246186823485
2226	2	0.040366454944809504
2226	3	-0.2391968249738241
2226	4	0.09752284494633301
2226	5	-0.01720445176364649
2226	6	0.28862901260499285
2226	7	-0.3474267907738451
2226	8	0.05730789389487967
2226	9	0.2045224276501756
2226	10-14	-0.04370205856410081
2226	15-19	-0.10348915341194243
2226	20-24	0.0026075036887363012
2226	25-29	-0.06294326909217318
2226	30-34	-0.012765190606152998
2226	35-39	-0.14643485173336757
2226	40-44	-0.09310875880800751
2226	45-49	0.08641269328795431
2226	50-54	-0.10286538003942525
2226	55-59	-0.11805205289449106
2226	60-64	-0.08426620971415844
2226	65-69	-0.09325949844696879
2226	70-74	-0.19672727758267428
2226	75-79	-0.15519512792731405
2226	80-84	-0.18369533115060221
2226	85-89	-0.06299816202835018
2226	90-94	0.04209784165317387
2226	95-99	-0.027478244329770973
2226	100-104	-0.07038036867361086
2226	105-109	-0.06188697967959911
2226	110-114	-0.0598461558643848
2226	115-119	-0.03642706632035697
2226	120-124	0.09033938960995158
2226	125-129	-0.13235354065182747
2226	130-134	-0.048378738352553796
2226	135-139	0.005090537423093622
2226	140-144	-0.03240371572651668
2226	145-149	-0.08018332756745394
2226	150-151	-0.31856591615010643
2227	1	-0.0426747458311425
2227	2	-0.12421049313729071
2227	3	0.17872035582995238
2227	4	-0.26278444319600425
2227	5	0.22600230432970392
2227	6	-0.24838554245080502
2227	7	-0.2977511947064997
2227	8	-0.09087637284608263
2227	9	-0.14212871539271532
2227	10-14	-0.16783731311172545
2227	15-19	-0.03696909874755505
2227	20-24	-0.187496517858591
2227	25-29	-0.007906052199281532
2227	30-34	0.011872259804498242
2227	35-39	-0.15137786543926524
2227	40-44	-0.03100895650202773
2227	45-49	-0.12449232070984095
2227	50-54	0.03336967681418912
2227	55-59	0.0042316446469428115
2227	60-64	-0.041884063208300404
2227	65-69	-0.061737254553598575
2227	70-74	0.014527349651338284
2227	75-79	-0.1954450980741953
2227	80-84	-0.018364094169882605
2227	85-89	0.022019550824417422
2227	90-94	-0.1387689603476403
2227	95-99	-0.13889407842601997
2227	100-104	-0.030874072981745826
2227	105-109	-0.12495203295083712
2227	110-114	-0.10127897307040712
2227	115-119	-0.12686146242486274
2227	120-124	0.02164271060399159
2227	125-129	-0.1482884741125332
2227	130-134	-0.10592958817144194
2227	135-139	-0.17569599284797732
2227	140-144	-0.1767130471492493
2227	145-149	-0.003439573504117277
2227	150-151	-0.12710208486669217
2228	1	-0.134706807423143
2228	2	0.1881395477306924
2228	3	0.3573266257695735
2228	4	0.14099123112571732
2228	5	0.2032019246529586
2228	6	0.21141222694830475
2228	7	-5.486740747571162E-4
2228	8	0.2145392940930364
2228	9	0.3464743905740093
2228	10-14	0.11645751642923585
2228	15-19	0.04318883623280101
2228	20-24	0.12537426021508935
2228	25-29	0.16935289261575548
2228	30-34	0.1657599914995842
2228	35-39	0.16044352829079145
2228	40-44	0.33995104560729317
2228	45-49	0.30317925890363284
2228	50-54	0.3055847215053049
2228	55-59	0.21844315623499
2228	60-64	0.10596048025677618
2228	65-69	0.25826696407693106
2228	70-74	0.20983544151201272
2228	75-79	0.20000932753289646
2228	80-84	0.3131266643926196
2228	85-89	0.056862802333895957
2228	90-94	-0.13979065992841555
2228	95-99	0.32072308085364654
2228	100-104	0.2758032281493712
2228	105-109	0.23107006212654824
2228	110-114	0.1851146251577731
2228	115-119	0.2680300396712738
2228	120-124	0.3273510450359254
2228	125-129	0.044408021787489815
2228	130-134	0.11542854719386497
2228	135-139	0.0949265188191788
2228	140-144	0.10867071639651016
2228	145-149	0.0638502200466462
2228	150-151	0.35038591840275046
2229	1	0.6002349953849304
2229	2	0.14365979930958872
2229	3	4.3821823264522664E-4
2229	4	-0.07187869945521186
2229	5	0.17782220754872924
2229	6	0.2542706746752259
2229	7	0.13237188545340217
2229	8	0.14013561957975185
2229	9	-0.05439465269547128
2229	10-14	0.05821465406689441
2229	15-19	0.22541781478074085
2229	20-24	0.23659353053189847
2229	25-29	0.18684989141528519
2229	30-34	0.07163451522212227
2229	35-39	0.17097643710649635
2229	40-44	0.2337711823576356
2229	45-49	0.19768314741556026
2229	50-54	0.17515907298502498
2229	55-59	0.03214559373173387
2229	60-64	0.1807595303115832
2229	65-69	0.10925475049585032
2229	70-74	0.2819268867857758
2229	75-79	0.08184293053930958
2229	80-84	0.08457089425847641
2229	85-89	0.11427707238974705
2229	90-94	0.29371578612826
2229	95-99	0.12202534088810069
2229	100-104	0.10385662342052626
2229	105-109	0.06332905267930045
2229	110-114	0.20018326130788466
2229	115-119	0.17382757607713728
2229	120-124	0.12243168598796217
2229	125-129	0.020909926897360265
2229	130-134	0.10138684355589334
2229	135-139	-0.025480339576361644
2229	140-144	0.15622930504936505
2229	145-149	0.03094923356510293
2229	150-151	0.22029692628416342
2230	1	0.0035581988640132067
2230	2	0.11151333995562851
2230	3	0.03986933085741384
2230	4	0.317287814390383
2230	5	0.09902547704650999
2230	6	0.2314359310216645
2230	7	-0.1870885688181687
2230	8	-0.28161125632080086
2230	9	-0.15234204731442702
2230	10-14	-0.11269061433057459
2230	15-19	-0.05886672059951792
2230	20-24	0.04656314096914116
2230	25-29	-0.09095066398017337
2230	30-34	0.005415395995484573
2230	35-39	-0.01951372558245623
2230	40-44	0.04350370180957697
2230	45-49	-0.17581505802836261
2230	50-54	-0.06465845864894249
2230	55-59	-0.04126681359320372
2230	60-64	0.05363226091859019
2230	65-69	-0.07031023339244769
2230	70-74	0.008834748775242929
2230	75-79	-0.14997310781441087
2230	80-84	0.01939314151425009
2230	85-89	-0.01312331009958001
2230	90-94	-0.12182349762118605
2230	95-99	0.047640336565450525
2230	100-104	0.018818898446070875
2230	105-109	-0.0163453074370139
2230	110-114	-0.0445653698518953
2230	115-119	-0.10734595880536801
2230	120-124	-0.8618849418184951
2230	125-129	0.03135764899004556
2230	130-134	-0.13911183345020817
2230	135-139	-0.11380459097139095
2230	140-144	0.006579701947536876
2230	145-149	-0.05233519702356659
2230	150-151	-0.1550894927250397
2231	1	-0.1672910990222931
2231	2	0.11849038039698456
2231	3	-0.04929045186134573
2231	4	-0.16152791792121945
2231	5	0.020256127681662406
2231	6	-0.14074801982548024
2231	7	-0.18831020417634647
2231	8	0.11954570422429356
2231	9	0.12183996328832336
2231	10-14	-0.11423562375415486
2231	15-19	-0.1088022091066776
2231	20-24	-0.12858017253711296
2231	25-29	-0.06648006652209659
2231	30-34	0.08842061897660614
2231	35-39	-0.0658725009420067
2231	40-44	0.05993829042223808
2231	45-49	-0.13424809836519813
2231	50-54	-0.10014990556823022
2231	55-59	0.11040934197912122
2231	60-64	-0.0700129160715548
2231	65-69	-0.10719251543342523
2231	70-74	-0.09316788394693276
2231	75-79	-0.1013709657062094
2231	80-84	-0.2227199610149242
2231	85-89	-0.052010511346033184
2231	90-94	-0.1329991746652155
2231	95-99	0.07293929425570411
2231	100-104	-0.030064807747365307
2231	105-109	-0.2888000432338842
2231	110-114	-0.015868044710700246
2231	115-119	0.03633861102547087
2231	120-124	0.0600310005229332
2231	125-129	-0.041145429596383565
2231	130-134	-0.137010881946523
2231	135-139	-0.14680115798005744
2231	140-144	-0.007650063491944081
2231	145-149	-0.03995225680203873
2231	150-151	-0.22656006078547364
2232	1	0.48653052625550686
2232	2	0.20397690083373732
2232	3	-0.02394178693397464
2232	4	0.24787717757914862
2232	5	-0.1684319903329552
2232	6	0.10306297640604356
2232	7	-0.01720832637816727
2232	8	0.10146344184789768
2232	9	0.22859423906376009
2232	10-14	-0.10309895998632612
2232	15-19	0.06985981943070385
2232	20-24	0.09953075605502448
2232	25-29	-0.0903045906307085
2232	30-34	-0.019021645976529555
2232	35-39	-0.019010646334471915
2232	40-44	-0.047618639393839146
2232	45-49	-0.024967330497119633
2232	50-54	-0.02481380224101315
2232	55-59	0.01764675622204237
2232	60-64	-0.07509037927250262
2232	65-69	0.018643797253794503
2232	70-74	-0.018925606110116178
2232	75-79	-0.028560066102379267
2232	80-84	-0.016431430722143148
2232	85-89	-0.07168004463428446
2232	90-94	-0.16070684368315113
2232	95-99	-0.0067656691868123175
2232	100-104	-0.007265825559066741
2232	105-109	-0.03884867917293633
2232	110-114	-0.09076481412482451
2232	115-119	-0.07756353733024923
2232	120-124	0.06427875392906657
2232	125-129	-0.050895808054846725
2232	130-134	-0.0020838358551102942
2232	135-139	0.0037924581503290256
2232	140-144	-0.007856202571396409
2232	145-149	-0.05257698704973279
2232	150-151	-0.052726840184448065
2233	1	0.4156444503061394
2233	2	0.2862553818463951
2233	3	0.10264049154703514
2233	4	-0.11414813887654418
2233	5	0.15308699700881334
2233	6	-0.04124082106230986
2233	7	-0.007081744099686205
2233	8	0.21032420134157093
2233	9	0.1323917074181935
2233	10-14	0.16424281216558256
2233	15-19	0.0627712118357664
2233	20-24	7.96578839832307E-4
2233	25-29	0.05197389038195155
2233	30-34	0.00528215149181932
2233	35-39	0.08478682201995014
2233	40-44	0.2465585757960369
2233	45-49	0.07731115051552706
2233	50-54	0.08100898256910938
2233	55-59	-0.005644383018470478
2233	60-64	0.1573146840186368
2233	65-69	0.08851721497531173
2233	70-74	0.04841616604178256
2233	75-79	0.14106018706216616
2233	80-84	0.14711287307532928
2233	85-89	0.13287691739103735
2233	90-94	0.019546320873807588
2233	95-99	0.09652547005368461
2233	100-104	0.07627847823840028
2233	105-109	0.036594358801743
2233	110-114	-0.05329645969443675
2233	115-119	0.22066431077102067
2233	120-124	0.06225343747336609
2233	125-129	0.25290166029957817
2233	130-134	-0.045628139652585276
2233	135-139	-0.0027898203306833125
2233	140-144	0.12328303793492523
2233	145-149	0.07451162054520921
2233	150-151	0.17765290665099087
2234	1	0.17070611442380823
2234	2	-0.08339741174964388
2234	3	0.11259786358179014
2234	4	0.004461733890366304
2234	5	0.1283888095108452
2234	6	0.15588260479431426
2234	7	-0.01651196114436715
2234	8	-0.0313926318236355
2234	9	0.09526958317882617
2234	10-14	0.04463850381245038
2234	15-19	0.020907295920245872
2234	20-24	0.0338680701678058
2234	25-29	0.20195534233599943
2234	30-34	-0.12371462700546232
2234	35-39	-0.022224339348042577
2234	40-44	0.034154163313516506
2234	45-49	0.047932347352599436
2234	50-54	-0.0819378789062668
2234	55-59	-0.14799054812861812
2234	60-64	0.08477164929799841
2234	65-69	-0.13189865173907833
2234	70-74	-0.01515091605772767
2234	75-79	0.04073543355595177
2234	80-84	-0.11415425132674528
2234	85-89	-0.09998241032364774
2234	90-94	0.10219120714499752
2234	95-99	-0.2176341733031819
2234	100-104	0.06142312045636089
2234	105-109	0.05191569556266984
2234	110-114	0.12235418623312455
2234	115-119	0.08616559611806451
2234	120-124	-0.17430248325814546
2234	125-129	0.01207513333982746
2234	130-134	-0.09791670819900133
2234	135-139	-0.02435631670242344
2234	140-144	0.09919530893163397
2234	145-149	0.07206197686293336
2234	150-151	-0.20169693552792012
2235	1	-0.1684101590119056
2235	2	-0.11441397994033764
2235	3	-0.18167258420351118
2235	4	-0.0867440696870716
2235	5	0.08943135382503442
2235	6	0.28679284584735854
2235	7	-0.12867363223011097
2235	8	0.050916685932996586
2235	9	0.20580942893717946
2235	10-14	0.07164290494839776
2235	15-19	0.060194500324065814
2235	20-24	0.14217639194872334
2235	25-29	-0.052451850223782515
2235	30-34	-0.0439921542938535
2235	35-39	-0.13159862433168712
2235	40-44	-0.05323597652684953
2235	45-49	0.054986278091909924
2235	50-54	-0.06786635708229483
2235	55-59	-0.13690291572441282
2235	60-64	0.052842552001933996
2235	65-69	-0.2608034822213199
2235	70-74	-0.06853790646135849
2235	75-79	-0.009699969343152759
2235	80-84	-0.06974046379258425
2235	85-89	-0.039884697030061034
2235	90-94	-0.23667741827392064
2235	95-99	-0.07821506941214551
2235	100-104	0.08687030009538432
2235	105-109	-0.026023442245374895
2235	110-114	-0.06504806682546871
2235	115-119	-0.0959849038886702
2235	120-124	0.00472146053652267
2235	125-129	-0.05061480865131074
2235	130-134	-0.12766273439047637
2235	135-139	-0.054300192124706825
2235	140-144	0.011846892398445164
2235	145-149	-0.08359826082532607
2235	150-151	0.09175755241943762
2236	1	-0.18019196138999405
2236	2	-0.1428634675847178
2236	3	0.08482703212396103
2236	4	0.30298233445251554
2236	5	-0.14901942404554802
2236	6	0.10660596676871847
2236	7	-0.27830931309605944
2236	8	-0.2487179763333245
2236	9	0.054058456174530534
2236	10-14	-0.2169494582706406
2236	15-19	-0.11475066506255871
2236	20-24	-0.15293636703023594
2236	25-29	-0.190241217401784
2236	30-34	-0.16333332405366718
2236	35-39	-0.11766010700532092
2236	40-44	-0.1180936102520107
2236	45-49	-0.10758697619808544
2236	50-54	-0.06718389533070734
2236	55-59	-0.08983818032265134
2236	60-64	-0.11418673613273711
2236	65-69	-0.19395007228929018
2236	70-74	-0.09763318627068429
2236	75-79	0.044799864285572255
2236	80-84	-0.017440805363001743
2236	85-89	-0.022735553672355024
2236	90-94	-0.035873403633246426
2236	95-99	-0.15452380016909473
2236	100-104	-0.09691563100653866
2236	105-109	0.1704983795540116
2236	110-114	-0.19591774718890065
2236	115-119	-0.045587310500060596
2236	120-124	-0.05214016609918559
2236	125-129	-0.04959485088924254
2236	130-134	-0.22523575100722582
2236	135-139	-0.19327792553681178
2236	140-144	-0.12462712312501623
2236	145-149	0.03618362304073486
2236	150-151	-0.054032066013149915
2237	1	0.10733376882060952
2237	2	0.23492441824483734
2237	3	0.08985359048065789
2237	4	0.1381639580143883
2237	5	0.16159551356744828
2237	6	0.1885438121385974
2237	7	0.14624204596995583
2237	8	-0.10290823074309685
2237	9	0.14354767544289615
2237	10-14	0.2049505148661055
2237	15-19	-0.005643694956575018
2237	20-24	0.06614906303715173
2237	25-29	0.11508874731342189
2237	30-34	0.09246147370564728
2237	35-39	0.1477935934480641
2237	40-44	-0.007078855243165094
2237	45-49	-0.0022494304440527912
2237	50-54	-0.022540146474035794
2237	55-59	-0.032818879986599825
2237	60-64	0.02795049055845311
2237	65-69	0.08131151475174647
2237	70-74	0.07806826582786641
2237	75-79	0.025160359162597956
2237	80-84	0.07225079468116746
2237	85-89	-0.06927192535420801
2237	90-94	-0.18264627076565887
2237	95-99	-0.025716017408718983
2237	100-104	-0.18698628299235764
2237	105-109	-0.055044777157590374
2237	110-114	0.03153714975017863
2237	115-119	-0.1490434401819627
2237	120-124	-0.01857264458798369
2237	125-129	0.025785066279667035
2237	130-134	-0.060329698206935234
2237	135-139	0.11602252586460793
2237	140-144	-0.051412086958521286
2237	145-149	-0.0394355912669937
2237	150-151	-0.10288526908445306
2238	1	-0.19176847266895436
2238	2	-0.12504601635001222
2238	3	-0.04358272347737113
2238	4	-0.09487122980068108
2238	5	0.04128092436878461
2238	6	-0.06258606802185795
2238	7	0.191892360310014
2238	8	-0.24059000400301755
2238	9	0.0058094289371766195
2238	10-14	-7.576015020092086E-4
2238	15-19	-0.08592738996782145
2238	20-24	0.06764194989965233
2238	25-29	0.04752282725628021
2238	30-34	-0.101361349790551
2238	35-39	-0.011571248634474784
2238	40-44	-0.020071688123884712
2238	45-49	-0.07927030063032703
2238	50-54	9.527237786741694E-4
2238	55-59	0.0674457137797404
2238	60-64	0.041567186707474946
2238	65-69	-0.017004419838961837
2238	70-74	-0.2176382726113104
2238	75-79	-0.042264045584474275
2238	80-84	0.057303987495778586
2238	85-89	-0.0722988913290834
2238	90-94	0.06166429886668823
2238	95-99	-0.07075176995623877
2238	100-104	-4.6843993816025886E-4
2238	105-109	-0.12314420328976183
2238	110-114	-0.033470200076678225
2238	115-119	0.02040287286251896
2238	120-124	0.09961589300409912
2238	125-129	-0.0978255673003261
2238	130-134	-0.11310228542903644
2238	135-139	0.0041961977052196175
2238	140-144	-0.10587887155460862
2238	145-149	-0.14732340882519424
2238	150-151	-0.1219499724753419
2239	1	0.3048222356864585
2239	2	0.12016053473889343
2239	3	0.0027594169824212145
2239	4	0.19533494275843566
2239	5	-0.18708862164781692
2239	6	0.10330082727680434
2239	7	-0.0514164947635507
2239	8	0.016123852710840936
2239	9	0.24055846368621303
2239	10-14	-0.0205360353980808
2239	15-19	-0.12922917915196308
2239	20-24	-0.016954915873682808
2239	25-29	0.04001683386793076
2239	30-34	0.061366083525122406
2239	35-39	-0.04295994825845639
2239	40-44	-0.05038031607957549
2239	45-49	-0.030447023571753107
2239	50-54	-0.15588983306388116
2239	55-59	0.01785528301284245
2239	60-64	-0.011679337127276312
2239	65-69	-0.09120029638776828
2239	70-74	-0.13340681426220868
2239	75-79	0.03322186048966813
2239	80-84	-0.06735041480568782
2239	85-89	0.07342397439379056
2239	90-94	0.017387416942753475
2239	95-99	-0.146397163248686
2239	100-104	-0.09200199029523048
2239	105-109	-0.03563215342476411
2239	110-114	-0.047490943509181704
2239	115-119	0.10668747679418544
2239	120-124	0.05996615923672266
2239	125-129	0.13482792652964548
2239	130-134	0.1523934624196457
2239	135-139	0.012297744630288321
2239	140-144	0.1807236974009001
2239	145-149	0.03873559135145399
2239	150-151	-0.006468104052295587
2240	1	0.20863373949796227
2240	2	0.12130893588729208
2240	3	-0.03523682101381809
2240	4	0.42418357160705966
2240	5	0.054352819793621165
2240	6	-0.008589084613106479
2240	7	-0.10081754416459887
2240	8	0.13804247462946506
2240	9	-0.14290851978076802
2240	10-14	-0.06141119627323377
2240	15-19	-0.0579233678461506
2240	20-24	0.04281540389663263
2240	25-29	0.023048216899312024
2240	30-34	0.02857329073233217
2240	35-39	0.11242070712219032
2240	40-44	0.17334208764282977
2240	45-49	0.17331894019420702
2240	50-54	-0.05357719075123413
2240	55-59	-0.08661160145404523
2240	60-64	0.11385476840682429
2240	65-69	0.07368436849689175
2240	70-74	0.09327173241633346
2240	75-79	0.036730423998236006
2240	80-84	0.03311092565566298
2240	85-89	0.07351307448288935
2240	90-94	-0.0529561134007821
2240	95-99	0.019926963075427295
2240	100-104	0.006067507774261571
2240	105-109	0.13044051264790113
2240	110-114	0.12227640625816605
2240	115-119	-0.027027996921290764
2240	120-124	0.06921870848926659
2240	125-129	-0.05864004693832925
2240	130-134	0.04800379802998833
2240	135-139	0.18005341238596628
2240	140-144	0.27061182728903077
2240	145-149	0.10153531415118522
2240	150-151	0.1324240848398901
2241	1	-0.04789624154563654
2241	2	0.09578763487961339
2241	3	-0.12010163194867118
2241	4	-0.10168692624787212
2241	5	0.07147344236171449
2241	6	0.12476420282578715
2241	7	-0.013717873407344428
2241	8	0.20523792509339955
2241	9	-0.1612463427878552
2241	10-14	0.10574833680068707
2241	15-19	0.20587190303082537
2241	20-24	0.052511103786891056
2241	25-29	0.12674970348017922
2241	30-34	0.15573282380626097
2241	35-39	0.09245662451219516
2241	40-44	-0.027821236711154995
2241	45-49	0.05376192133756774
2241	50-54	0.1149172719844671
2241	55-59	0.21573899218059722
2241	60-64	0.0798469863056539
2241	65-69	0.06960375391043527
2241	70-74	0.019617137983530597
2241	75-79	0.09304889152292617
2241	80-84	0.07957605585619376
2241	85-89	0.04885977706694433
2241	90-94	0.19136395045235588
2241	95-99	-0.08656011664121621
2241	100-104	0.14847995913613232
2241	105-109	0.19332587631146225
2241	110-114	0.06659846552186366
2241	115-119	0.2480573068799643
2241	120-124	0.26485075478279185
2241	125-129	7.294033260620836E-4
2241	130-134	-0.008893338555864716
2241	135-139	0.07235112764087859
2241	140-144	0.29923798712141547
2241	145-149	0.1544715607839251
2241	150-151	0.009521760186594008
2242	1	0.11984029943548791
2242	2	-0.0943685338510889
2242	3	0.1296597037811793
2242	4	-0.01721952614121136
2242	5	-0.14920047969876293
2242	6	0.02461409122966529
2242	7	-0.017516750203910192
2242	8	0.10413644833764835
2242	9	0.1093627284295664
2242	10-14	-0.0015465600634243515
2242	15-19	0.03532406154340606
2242	20-24	-0.08377837457531001
2242	25-29	-0.12918398406384313
2242	30-34	0.056898163828769555
2242	35-39	0.1878209414056755
2242	40-44	0.1184598801717911
2242	45-49	-0.037590860664828085
2242	50-54	0.03761375028742009
2242	55-59	-0.06806936534835017
2242	60-64	0.014497746410206958
2242	65-69	0.06476858039329159
2242	70-74	0.04176320710070769
2242	75-79	0.018375614678959096
2242	80-84	0.005051573839963908
2242	85-89	0.06325666422647913
2242	90-94	0.01097984911386618
2242	95-99	-0.045948346048604094
2242	100-104	0.02857173789270462
2242	105-109	0.07101060245656754
2242	110-114	-0.037421628363716763
2242	115-119	0.11934451381670641
2242	120-124	0.06292168909580198
2242	125-129	0.19254568780070258
2242	130-134	0.2379842744064078
2242	135-139	0.13655477903961355
2242	140-144	0.20493696070045786
2242	145-149	0.14179042283268473
2242	150-151	-0.025209651981661807
2243	1	-0.00614755763627528
2243	2	-0.4243924215787729
2243	3	0.058378060836353995
2243	4	-0.10271436705558301
2243	5	-0.09989554621945018
2243	6	-0.05212855168198871
2243	7	-0.17673509067038395
2243	8	0.0809786234479688
2243	9	0.06594014789142477
2243	10-14	-0.07657459496604702
2243	15-19	-0.18527379519658638
2243	20-24	-0.1357567429108073
2243	25-29	-0.03456867601169478
2243	30-34	-0.09142670926767238
2243	35-39	0.06686012391455165
2243	40-44	-0.1398102502153904
2243	45-49	-0.1420153986695496
2243	50-54	-0.06388387752851088
2243	55-59	-0.09203141040325846
2243	60-64	-0.06196222505723625
2243	65-69	-0.19164494271477395
2243	70-74	-0.08639644254596135
2243	75-79	-0.1280156795713978
2243	80-84	-0.10217313668723449
2243	85-89	-0.2207956233552224
2243	90-94	-0.04657099525095987
2243	95-99	-0.2171569987144082
2243	100-104	-0.28752726346756674
2243	105-109	-0.3108566215904176
2243	110-114	-0.20183621314856737
2243	115-119	-0.12181934935971128
2243	120-124	-0.037377571048189395
2243	125-129	-0.07586478298659927
2243	130-134	-0.12983431157282865
2243	135-139	0.03556874672482735
2243	140-144	-0.13672854475721863
2243	145-149	0.019473976795730152
2243	150-151	-0.043518599926322565
2244	1	0.01947471199696338
2244	2	0.2987102910088524
2244	3	0.16173408372910814
2244	4	0.15711833977498912
2244	5	0.12740981461227818
2244	6	-0.011392326276450149
2244	7	0.31156454697396896
2244	8	0.012029454834063813
2244	9	0.07627575018070587
2244	10-14	-0.017853337896724497
2244	15-19	0.009590914072276746
2244	20-24	-0.009832397352205646
2244	25-29	-0.045398707506151936
2244	30-34	0.10846966378931455
2244	35-39	0.07276347316444287
2244	40-44	-0.035923223902273094
2244	45-49	0.0010351617964374782
2244	50-54	0.06992221140101407
2244	55-59	-0.06356922069144844
2244	60-64	0.04998602920129258
2244	65-69	-0.04467620012274409
2244	70-74	0.09247991628773633
2244	75-79	-0.09168461519400495
2244	80-84	0.050870989426087476
2244	85-89	0.08242764868243313
2244	90-94	0.14654966579411877
2244	95-99	0.05037999881344746
2244	100-104	-0.0246751519839421
2244	105-109	-0.004752791457320882
2244	110-114	0.2101547110276698
2244	115-119	0.011130632014541675
2244	120-124	0.08963587336238987
2244	125-129	0.18445016164410788
2244	130-134	-0.022079900654745188
2244	135-139	0.044660825698045414
2244	140-144	0.14438358230431447
2244	145-149	-0.048362387456364786
2244	150-151	0.021304116725104905
2245	1	0.3516551510760735
2245	2	0.2868719810895115
2245	3	0.596246129025829
2245	4	0.1985557629895638
2245	5	0.014662098144142988
2245	6	0.11243919981723849
2245	7	-0.03744191635598071
2245	8	-0.04190730068113879
2245	9	0.02539705780316126
2245	10-14	0.0672142332800334
2245	15-19	0.06818554042769875
2245	20-24	0.11765812131667275
2245	25-29	-0.10532873261165321
2245	30-34	0.0500165897014071
2245	35-39	0.10326130981847115
2245	40-44	0.02930032184848841
2245	45-49	-0.022430465039732894
2245	50-54	0.06635936753583849
2245	55-59	0.04392236629642099
2245	60-64	-0.06404901166190768
2245	65-69	0.12589161142578575
2245	70-74	0.20060982387813908
2245	75-79	0.012286860688689671
2245	80-84	0.09761528727342039
2245	85-89	0.16428759206153387
2245	90-94	0.016385678827603556
2245	95-99	0.07089973600697164
2245	100-104	0.07685788578113772
2245	105-109	0.2946355959151461
2245	110-114	0.15748391352752833
2245	115-119	0.06179833138957491
2245	120-124	0.012364360088525927
2245	125-129	-0.01890703081355838
2245	130-134	0.15592608193165347
2245	135-139	0.07224215148192314
2245	140-144	-0.025682119314190288
2245	145-149	0.0011996017536120007
2245	150-151	-0.07620002301102602
2246	1	0.14335844631569472
2246	2	0.05052777905962813
2246	3	0.1599132485548509
2246	4	0.13525492919004733
2246	5	0.06313834950938713
2246	6	0.24189789610642976
2246	7	0.05004709507213079
2246	8	0.05605082287036822
2246	9	-0.14561175969330975
2246	10-14	0.015488028532956832
2246	15-19	0.04542387922202806
2246	20-24	0.03702331484873156
2246	25-29	0.03127719722132838
2246	30-34	-0.07096159298860272
2246	35-39	0.010790812469039679
2246	40-44	-0.07376981853884246
2246	45-49	0.04017642379587727
2246	50-54	0.05263231034199123
2246	55-59	-0.09237188767944104
2246	60-64	-0.04206254425467648
2246	65-69	0.1844973281470672
2246	70-74	0.0335062782322737
2246	75-79	0.08860082749654197
2246	80-84	0.08412265294644783
2246	85-89	0.09452281409728158
2246	90-94	0.08000751212098578
2246	95-99	0.12940022882776958
2246	100-104	0.26653262405334033
2246	105-109	0.05747291177331704
2246	110-114	0.1359476445805754
2246	115-119	0.051258626016490894
2246	120-124	0.033070825364639234
2246	125-129	0.018167744753178283
2246	130-134	-0.0359477026657018
2246	135-139	0.21895223965687904
2246	140-144	0.21778733911570924
2246	145-149	0.0715730800028993
2246	150-151	-0.026281937819618406
2247	1	0.2731345788383379
2247	2	0.34899729374253496
2247	3	-0.0345850978973985
2247	4	-0.03701257071873698
2247	5	0.06564935381159387
2247	6	-0.15110578913238015
2247	7	0.11843132848606786
2247	8	-0.24053295080090464
2247	9	0.1429082736098337
2247	10-14	0.05829783239599351
2247	15-19	-0.002384050509661506
2247	20-24	0.0024039625352543226
2247	25-29	-0.08324848169519328
2247	30-34	-0.016150714402456856
2247	35-39	0.0554541819913652
2247	40-44	-0.08743339703508468
2247	45-49	-0.1804363673993521
2247	50-54	-0.04411930588899082
2247	55-59	0.028052826971624256
2247	60-64	-0.037766968863181205
2247	65-69	0.020575517570335933
2247	70-74	-0.11491364660344061
2247	75-79	0.08057888191601137
2247	80-84	0.04404012482619635
2247	85-89	-0.0049076489956050295
2247	90-94	-0.042747759495377124
2247	95-99	0.05277512475544199
2247	100-104	-0.028934631720815673
2247	105-109	0.02062516753087351
2247	110-114	1.0728740099352763E-4
2247	115-119	0.025131576496306707
2247	120-124	-0.0033483564526335385
2247	125-129	-0.02820589401380147
2247	130-134	-0.0620900106004072
2247	135-139	0.006862931493301971
2247	140-144	0.009660574861527493
2247	145-149	0.06781884662213145
2247	150-151	-0.20258628348241814
2248	1	0.27600707412793213
2248	2	0.1351375851141725
2248	3	0.23583193324077456
2248	4	0.2092527796851229
2248	5	-0.07813769853760277
2248	6	0.09915508861779188
2248	7	0.31796426399773736
2248	8	0.2366680378567949
2248	9	0.20201676142769998
2248	10-14	0.07387746786498184
2248	15-19	0.06253629048961784
2248	20-24	0.15847360999731563
2248	25-29	0.17330916539035712
2248	30-34	0.16414851197126268
2248	35-39	0.1429468181792828
2248	40-44	0.14778599182125163
2248	45-49	0.24832428882787383
2248	50-54	0.26823745478022687
2248	55-59	0.11293392676405034
2248	60-64	0.2873650928906031
2248	65-69	0.2601442213284315
2248	70-74	0.18725468162053005
2248	75-79	0.20545680086620166
2248	80-84	0.0795681852102561
2248	85-89	-0.018538531728005125
2248	90-94	0.20257437381111743
2248	95-99	0.08481204849150714
2248	100-104	0.06110332741185687
2248	105-109	0.2824097823162788
2248	110-114	0.08190621597647407
2248	115-119	0.25393864705419844
2248	120-124	0.2161557242758434
2248	125-129	0.1542673406593238
2248	130-134	0.022964412636618192
2248	135-139	0.1497995954064848
2248	140-144	0.29550598917434456
2248	145-149	0.16893911978507248
2248	150-151	0.12952123547686512
2249	1	0.4285490354695938
2249	2	0.3730768862467926
2249	3	0.46091210048721365
2249	4	0.3617915035811947
2249	5	0.33757945231602804
2249	6	0.15917085497781613
2249	7	0.013401570054512035
2249	8	0.2006676428884333
2249	9	0.07648804609466708
2249	10-14	0.08448722455475632
2249	15-19	0.1227870953995236
2249	20-24	0.16711823721355046
2249	25-29	0.03073724148974577
2249	30-34	0.15666548023296656
2249	35-39	0.20970229876998303
2249	40-44	0.08108101538176271
2249	45-49	0.18148204469533624
2249	50-54	0.20280220450140263
2249	55-59	0.19492029388067067
2249	60-64	0.1278283066057142
2249	65-69	0.09183007255809628
2249	70-74	0.10732603492134274
2249	75-79	0.07135532960906232
2249	80-84	0.1364222622064304
2249	85-89	0.1901452685798759
2249	90-94	0.0966568088881985
2249	95-99	0.1997109349720816
2249	100-104	0.17977642796206084
2249	105-109	0.28914237416665856
2249	110-114	0.08638619318486462
2249	115-119	0.2251713530245354
2249	120-124	0.3331492380536005
2249	125-129	0.06567723202683595
2249	130-134	0.15576702072279147
2249	135-139	0.20478501880771205
2249	140-144	0.13447997791774924
2249	145-149	0.27293752696184015
2249	150-151	0.11190305657238753
2250	1	-0.17272418828853375
2250	2	-0.09741162926184188
2250	3	0.04890760598775046
2250	4	0.12454987197336465
2250	5	-0.04156554755331143
2250	6	-0.14113748859008268
2250	7	0.14002494667789023
2250	8	-0.11751744164473621
2250	9	0.05785024526370819
2250	10-14	0.0071942459036336
2250	15-19	-0.03274545052538258
2250	20-24	-0.06952891844768772
2250	25-29	-0.010088884094926698
2250	30-34	0.09459369889559355
2250	35-39	-0.09177866493431708
2250	40-44	0.03683240684743083
2250	45-49	0.04156069843596555
2250	50-54	-0.12382051885170853
2250	55-59	0.18163538965008996
2250	60-64	-0.04117924519862015
2250	65-69	0.04905066886319531
2250	70-74	0.07631464188781933
2250	75-79	-0.02836115109333548
2250	80-84	-0.10879645268029492
2250	85-89	-0.08980456026331751
2250	90-94	0.16769537796498923
2250	95-99	-0.08664812849965386
2250	100-104	-0.01706174392641202
2250	105-109	-0.053507682014583224
2250	110-114	-0.09624531012068616
2250	115-119	0.057501045464896094
2250	120-124	0.03518678802878128
2250	125-129	0.04999155955042056
2250	130-134	-0.028204993178796656
2250	135-139	0.08268292572977032
2250	140-144	-0.015199266379205767
2250	145-149	0.09166351927938621
2250	150-151	-0.1700091961648127
2251	1	0.07602828044089449
2251	2	-0.22082505914993078
2251	3	0.06610312935838891
2251	4	0.07275263695031953
2251	5	-0.14693750278701856
2251	6	0.19127857460939168
2251	7	-0.13697966161704045
2251	8	-0.2187978893076732
2251	9	0.17355136442105135
2251	10-14	-0.14003485218722034
2251	15-19	-0.010535443942103484
2251	20-24	-0.18505887236473484
2251	25-29	-0.07350099732731508
2251	30-34	-0.06200735442896388
2251	35-39	-0.08355944176117447
2251	40-44	-0.034813412770731134
2251	45-49	-0.2161996702276241
2251	50-54	-0.1428178855403175
2251	55-59	-0.11162069988250067
2251	60-64	-0.1526828660017827
2251	65-69	-0.08071430809533098
2251	70-74	-0.02657607568953324
2251	75-79	0.0026526737914593923
2251	80-84	-0.03221909915824028
2251	85-89	-0.12809817448319905
2251	90-94	9.297426786289975E-4
2251	95-99	0.0534025627445871
2251	100-104	-0.049072277171973155
2251	105-109	0.008981455575941766
2251	110-114	-0.1980445201272758
2251	115-119	-0.16849697955156984
2251	120-124	-0.21961834692842785
2251	125-129	-0.13020001385313407
2251	130-134	-0.1796289563124418
2251	135-139	-0.06430390771329542
2251	140-144	-0.17894317684661587
2251	145-149	0.03788932573099402
2251	150-151	-0.03772479853479638
2252	1	0.2581097133955339
2252	2	-0.06283185905041933
2252	3	0.2951171437874436
2252	4	0.22297073131966982
2252	5	0.07183353958797056
2252	6	-0.11404027438306485
2252	7	0.03233122651630538
2252	8	0.06115235532288921
2252	9	0.03614361916854136
2252	10-14	0.10376446782272808
2252	15-19	0.04507182034183188
2252	20-24	0.06420226039917765
2252	25-29	0.12586279734885863
2252	30-34	0.08811056579659038
2252	35-39	-0.0037153419187347936
2252	40-44	0.07220043580709046
2252	45-49	0.1193976429824204
2252	50-54	0.07487446042534884
2252	55-59	-0.00300340159905943
2252	60-64	0.2205042971129103
2252	65-69	0.2542196001889465
2252	70-74	0.07842234872376252
2252	75-79	0.04279198882586854
2252	80-84	-0.12546530531132305
2252	85-89	0.1169841706532182
2252	90-94	0.12635573156659063
2252	95-99	0.29393395009012835
2252	100-104	0.19921232354118956
2252	105-109	0.09304680096112605
2252	110-114	0.05345958469071377
2252	115-119	0.1802529997170268
2252	120-124	0.14857669411974683
2252	125-129	0.14626536470230178
2252	130-134	0.08665912727658309
2252	135-139	0.01574651106106728
2252	140-144	0.05240867654089243
2252	145-149	0.17386146272412617
2252	150-151	0.04380434981912629
2253	1	0.40944959031381245
2253	2	0.38970442928278715
2253	3	0.5429294571524608
2253	4	0.3323420797655672
2253	5	-0.020899705458901963
2253	6	0.42101464499062047
2253	7	0.09926015591310033
2253	8	0.5053695919565797
2253	9	0.20075892388667427
2253	10-14	0.14990193503988536
2253	15-19	0.13300903308623901
2253	20-24	0.11524741632864988
2253	25-29	0.10746935132045365
2253	30-34	0.1352399573990013
2253	35-39	0.13934378404527337
2253	40-44	0.09875778305853089
2253	45-49	0.15577426264952976
2253	50-54	0.3120638348897913
2253	55-59	0.246364311521873
2253	60-64	0.17062244517450154
2253	65-69	0.1969943918069177
2253	70-74	0.22826784741245376
2253	75-79	0.24292312019093032
2253	80-84	0.25966881221354754
2253	85-89	0.3723475733173913
2253	90-94	0.2957462953016332
2253	95-99	0.3579766911251667
2253	100-104	0.3171786188853716
2253	105-109	0.283665065872448
2253	110-114	0.10767656165832307
2253	115-119	0.19015926026597185
2253	120-124	0.2762350255055779
2253	125-129	0.21194270364442502
2253	130-134	0.20249486252104987
2253	135-139	0.191902674235223
2253	140-144	0.24911221578941678
2253	145-149	0.29191604453191644
2253	150-151	0.4060060584218661
2254	1	0.14383366090478233
2254	2	0.18375121901922853
2254	3	0.054772020719163095
2254	4	-0.153319130033573
2254	5	-0.0432206157108439
2254	6	-0.030221857970019528
2254	7	0.15156481166603442
2254	8	-0.00917237948193872
2254	9	0.3552347162935021
2254	10-14	-0.16736266498332952
2254	15-19	0.08742096853266901
2254	20-24	-0.0690089403414973
2254	25-29	0.022046153828291892
2254	30-34	0.01033574283960803
2254	35-39	0.0924089181448906
2254	40-44	-0.01946467137081953
2254	45-49	-0.05512786204569409
2254	50-54	-0.021524926285174217
2254	55-59	0.031433393142677346
2254	60-64	-0.031815729677468596
2254	65-69	-0.12080428461244708
2254	70-74	0.06891570530169133
2254	75-79	0.059624617926914425
2254	80-84	0.06536949722457308
2254	85-89	0.0046359745713075995
2254	90-94	0.10559187756100386
2254	95-99	0.013329065443059562
2254	100-104	0.013474915181674874
2254	105-109	0.13840789647735363
2254	110-114	0.1620072246096811
2254	115-119	0.06965537079656059
2254	120-124	0.14583330717282905
2254	125-129	0.20199262817710206
2254	130-134	-0.0668247705916869
2254	135-139	-0.1382784473252059
2254	140-144	0.10847016307840107
2254	145-149	-0.12580135939239057
2254	150-151	-0.0043329639861227065
2255	1	0.3447583743567719
2255	2	0.2280275337451343
2255	3	-0.35052406541498726
2255	4	-0.1394645945727504
2255	5	0.013846490679696899
2255	6	0.20179715362123574
2255	7	-0.11594250359335945
2255	8	0.11412166969599724
2255	9	0.35517651754477697
2255	10-14	0.1100655969757014
2255	15-19	0.10023956626614705
2255	20-24	0.05396113580185613
2255	25-29	-0.11916535012437635
2255	30-34	0.1759150628842221
2255	35-39	0.1911159359440049
2255	40-44	0.125039588454257
2255	45-49	0.10212127709780816
2255	50-54	0.10227480535392885
2255	55-59	-0.012226661499482816
2255	60-64	0.08845392452496981
2255	65-69	0.10775772130443073
2255	70-74	0.23575793819367874
2255	75-79	-0.0984334838238965
2255	80-84	-0.01592510160821803
2255	85-89	0.02857311992267597
2255	90-94	0.12081214365861825
2255	95-99	0.02715838144609961
2255	100-104	0.14716455418776775
2255	105-109	-0.03935500828686145
2255	110-114	0.007969363090367665
2255	115-119	9.174753279808101E-4
2255	120-124	0.10579774127082686
2255	125-129	0.03518014131223879
2255	130-134	0.0024731261702015672
2255	135-139	0.1577165087832455
2255	140-144	0.22606784806151126
2255	145-149	0.14235972181103307
2255	150-151	0.2979060712079544
2256	1	-0.21489799868673032
2256	2	-0.0731146354000316
2256	3	0.21542562707793422
2256	4	0.053304921551031725
2256	5	0.03070243418951435
2256	6	0.004211653637504753
2256	7	0.014336367904476788
2256	8	0.04058680262366465
2256	9	0.20580942893717946
2256	10-14	-0.07155686893819535
2256	15-19	0.02861937818245508
2256	20-24	0.006618712841330421
2256	25-29	-0.024779876172992488
2256	30-34	-0.07641385579723448
2256	35-39	0.07134892543344762
2256	40-44	0.05112074429038671
2256	45-49	0.02685265583589569
2256	50-54	-0.023326053713468298
2256	55-59	0.006251097115594462
2256	60-64	0.14852486266561016
2256	65-69	0.013088494790480354
2256	70-74	0.020838801165922405
2256	75-79	0.21194365977702034
2256	80-84	-0.03292031816479124
2256	85-89	0.06094303954781566
2256	90-94	0.02198555161800897
2256	95-99	0.13609333312355432
2256	100-104	-0.08767713661305265
2256	105-109	0.01695425597397815
2256	110-114	0.06785547158016669
2256	115-119	0.14220672722345995
2256	120-124	0.037522709543914345
2256	125-129	0.2295558531341797
2256	130-134	0.0599239087675798
2256	135-139	0.06099072699937125
2256	140-144	0.22670173566685747
2256	145-149	0.1538100488423666
2256	150-151	0.14149072514046424
2257	1	-0.31622978407524016
2257	2	0.2720781666565273
2257	3	-0.021638806125480414
2257	4	0.2121074756599981
2257	5	-0.28371169633540916
2257	6	-0.11065690926157856
2257	7	0.1881816287055429
2257	8	0.07539565907941892
2257	9	0.041938461195243804
2257	10-14	-0.0037767876710859127
2257	15-19	-0.02447092781306992
2257	20-24	0.08436048247396855
2257	25-29	0.10507964783397483
2257	30-34	0.0814765165387783
2257	35-39	0.07850507436785392
2257	40-44	-0.023458574061052673
2257	45-49	0.024832587836883135
2257	50-54	0.14673050155644773
2257	55-59	0.045282525923951766
2257	60-64	0.15802681141757802
2257	65-69	-0.021875598417906872
2257	70-74	0.12103682753627254
2257	75-79	0.0444591254043587
2257	80-84	0.03487767503530392
2257	85-89	0.20583730938777478
2257	90-94	0.21873619429153024
2257	95-99	0.1354670788736172
2257	100-104	0.04383094863447923
2257	105-109	-0.05347015732728977
2257	110-114	0.17511677019530936
2257	115-119	0.04259979464197983
2257	120-124	0.06631713694253705
2257	125-129	0.17431611517911705
2257	130-134	0.18733878562304085
2257	135-139	0.29182512454477916
2257	140-144	0.35266972637919025
2257	145-149	0.2763409386342275
2257	150-151	0.3596945563039071
2258	1	-0.09582175431114592
2258	2	-0.3657925557769346
2258	3	-0.26156030741335456
2258	4	-0.2153016579922351
2258	5	-0.020678865884448783
2258	6	-0.2504336785489585
2258	7	0.1283917762994733
2258	8	-0.26729046872629425
2258	9	-0.1807558435596519
2258	10-14	-0.13553033442279627
2258	15-19	-0.14079555269552202
2258	20-24	-0.12077823946886923
2258	25-29	-0.07423168950606396
2258	30-34	-0.16260541649200633
2258	35-39	-0.10077028439579294
2258	40-44	-0.08432974622671452
2258	45-49	-0.018089853800134392
2258	50-54	-0.12443806625090303
2258	55-59	-0.0013293551831949912
2258	60-64	-0.09524535833588743
2258	65-69	-0.08405181167275089
2258	70-74	-0.1166297982456399
2258	75-79	-0.0436517540265271
2258	80-84	-0.1390368758457612
2258	85-89	-0.15588148532992108
2258	90-94	0.010959261465160353
2258	95-99	-0.06612938868433815
2258	100-104	-0.1173798940001376
2258	105-109	-0.054204120285710644
2258	110-114	-0.09454527649506872
2258	115-119	-0.05705432040769409
2258	120-124	-0.012444545873606216
2258	125-129	0.04202681471712566
2258	130-134	-0.062176566599049465
2258	135-139	0.018124973271213207
2258	140-144	0.05049678390403045
2258	145-149	-0.03942013091072738
2258	150-151	-0.0034977246560643493
2259	1	-0.26609153522731077
2259	2	0.06636388094224088
2259	3	0.0934345076575056
2259	4	-0.10921636179286764
2259	5	-0.0833095178687131
2259	6	-0.06859574461976337
2259	7	-0.09049453384159278
2259	8	-0.006246569659580814
2259	9	0.0058094289371766195
2259	10-14	0.009411314549268468
2259	15-19	-0.019674949597735747
2259	20-24	0.16073082181205223
2259	25-29	0.22713746098855836
2259	30-34	0.10233952449856076
2259	35-39	0.019213913915400838
2259	40-44	0.025496599797342867
2259	45-49	-0.039867872992608966
2259	50-54	0.044185047010998346
2259	55-59	0.13265579781336356
2259	60-64	0.021993296545353758
2259	65-69	0.08236235717487972
2259	70-74	0.20370796285256887
2259	75-79	0.11826222553003873
2259	80-84	0.07718684973158219
2259	85-89	0.18819172916153803
2259	90-94	0.25915177870710693
2259	95-99	0.22549472864320563
2259	100-104	0.1205263822331375
2259	105-109	0.26152942373681043
2259	110-114	0.1657862297679884
2259	115-119	0.07105392116063314
2259	120-124	0.17558567485623655
2259	125-129	0.21705092875264853
2259	130-134	0.10198981201600077
2259	135-139	0.3380354303679809
2259	140-144	0.2337153903925966
2259	145-149	0.3287414413573089
2259	150-151	0.5626438650596697
2260	1	0.10405003491425902
2260	2	0.05194946652782306
2260	3	-0.3395829253599274
2260	4	-2.8925286576253484E-4
2260	5	0.06516363060443808
2260	6	0.23714896112493733
2260	7	0.15965171630465846
2260	8	0.1602679968549836
2260	9	0.08097030409805228
2260	10-14	-0.09260810747015569
2260	15-19	0.05970260977982633
2260	20-24	0.07364997473120383
2260	25-29	-0.04904365519255549
2260	30-34	-0.03593121377217301
2260	35-39	0.033745328446819656
2260	40-44	0.0010997354004800286
2260	45-49	0.020518227393488075
2260	50-54	0.07062239344833898
2260	55-59	0.03690290206046143
2260	60-64	0.09231036686242078
2260	65-69	0.011245006057535534
2260	70-74	0.08023539938000113
2260	75-79	0.04660667387448569
2260	80-84	0.1287885813333176
2260	85-89	0.055405956375771837
2260	90-94	0.09100389055922875
2260	95-99	0.1290211121695819
2260	100-104	0.056260557967320324
2260	105-109	0.16616964837702852
2260	110-114	0.1749028788846445
2260	115-119	-0.016349846243137733
2260	120-124	0.14078984006039974
2260	125-129	0.18218957389129287
2260	130-134	0.11069462072081393
2260	135-139	0.2748460071785672
2260	140-144	0.21367093034812967
2260	145-149	0.3280534806693467
2260	150-151	0.29726419968000073
2261	1	0.30676373040061833
2261	2	-0.07840803570878307
2261	3	0.11410109468415186
2261	4	-0.07011879707112456
2261	5	0.16631076985932935
2261	6	-0.14707757816073297
2261	7	0.0898559960490175
2261	8	-0.13698363811018055
2261	9	-0.11087913873693367
2261	10-14	0.04714771743679336
2261	15-19	-0.005837381121537533
2261	20-24	0.06997737027016626
2261	25-29	0.13960874791451516
2261	30-34	0.027574604792775403
2261	35-39	0.03678136617405414
2261	40-44	0.12270089353251734
2261	45-49	0.029912491189861612
2261	50-54	0.191345481845552
2261	55-59	0.17981179556068838
2261	60-64	-0.04771334372633618
2261	65-69	0.02366583687521029
2261	70-74	0.09202101642186733
2261	75-79	0.07851889396016531
2261	80-84	0.24199801753879768
2261	85-89	0.03211343163778224
2261	90-94	0.12824473568442585
2261	95-99	0.21465185272805343
2261	100-104	0.1641927815368618
2261	105-109	0.19748791990555503
2261	110-114	0.022111980233034956
2261	115-119	0.18008612417443715
2261	120-124	0.15428424304231925
2261	125-129	0.06600633602606365
2261	130-134	0.14169832951689187
2261	135-139	0.116200182829715
2261	140-144	0.2522944985380562
2261	145-149	0.1190945311059366
2261	150-151	0.4103630315699007
2262	1	0.03188863370401407
2262	2	0.33691107154083966
2262	3	-0.13675946289635732
2262	4	0.11243088556131653
2262	5	0.09239909228719512
2262	6	0.2715638387274808
2262	7	0.11202274322581474
2262	8	-0.02110985547402322
2262	9	0.031002230993735225
2262	10-14	0.0024791207790357817
2262	15-19	-0.05981249842423608
2262	20-24	0.04312256888245969
2262	25-29	0.24617128063935212
2262	30-34	0.07217226245469277
2262	35-39	0.07032064779848923
2262	40-44	0.06397421472740206
2262	45-49	0.25718684606725617
2262	50-54	0.11754798227624264
2262	55-59	0.14918168837524348
2262	60-64	0.07191817886098306
2262	65-69	0.14110906034318305
2262	70-74	0.09590306851811192
2262	75-79	0.12145522790042662
2262	80-84	0.2873881651257051
2262	85-89	0.09230550741413879
2262	90-94	0.18239686267199318
2262	95-99	0.14791852592561128
2262	100-104	0.21155165516073282
2262	105-109	0.13623446162951325
2262	110-114	0.092534134819239
2262	115-119	0.2974766501026309
2262	120-124	0.21387232393980327
2262	125-129	0.21413168860976128
2262	130-134	0.2887156825465027
2262	135-139	0.22962825913305807
2262	140-144	0.1989382395229029
2262	145-149	0.18105940616884197
2262	150-151	-0.025604390540770794
2263	1	0.2587761896404146
2263	2	-0.075508040240031
2263	3	-0.006530661273174587
2263	4	0.017817523861701545
2263	5	0.08704758352286746
2263	6	0.03618938085501355
2263	7	0.2537359483199282
2263	8	0.35098087722303717
2263	9	0.04105847108277061
2263	10-14	0.11360796081488189
2263	15-19	0.0777147105505378
2263	20-24	0.18692975697650382
2263	25-29	0.10582648588448507
2263	30-34	0.1094417453938874
2263	35-39	0.23953535492649536
2263	40-44	0.12766176541078522
2263	45-49	0.16505093744344634
2263	50-54	0.18128477997280612
2263	55-59	0.09580120923462943
2263	60-64	0.20624301872609863
2263	65-69	0.2643809005727391
2263	70-74	0.22472668869887258
2263	75-79	0.21032704449140738
2263	80-84	0.13075902468305856
2263	85-89	0.16197952501830315
2263	90-94	0.14084091970660495
2263	95-99	0.2151170603344994
2263	100-104	0.2372297044537035
2263	105-109	0.2497744354300977
2263	110-114	0.062390366372127914
2263	115-119	0.15292484716948707
2263	120-124	0.17546293680245384
2263	125-129	0.29547921821541934
2263	130-134	0.3158061361771516
2263	135-139	0.3148505437348277
2263	140-144	0.3766693967948811
2263	145-149	0.19552686538410313
2263	150-151	0.24215490319139832
2264	1	0.37530040616462657
2264	2	0.2892576538360103
2264	3	0.1955324097554083
2264	4	-0.20145745403396376
2264	5	-0.29180102636022553
2264	6	0.11961604359202482
2264	7	-0.09825344160049809
2264	8	-0.02349598690899768
2264	9	-0.1198315967038468
2264	10-14	0.11910162423958326
2264	15-19	-0.09125670117948204
2264	20-24	0.05717437825560978
2264	25-29	0.030740524591621465
2264	30-34	0.039855342014377015
2264	35-39	-0.0583485236470338
2264	40-44	-0.0564015021007549
2264	45-49	0.07075483763010482
2264	50-54	-0.10332078049482618
2264	55-59	0.05697814213570496
2264	60-64	0.005649640201696116
2264	65-69	0.01983821465073987
2264	70-74	0.053784552929158735
2264	75-79	0.03826888553669505
2264	80-84	-0.10688907434434469
2264	85-89	0.07710281807263897
2264	90-94	0.10858234813768775
2264	95-99	0.03838850153697848
2264	100-104	0.17222135392811566
2264	105-109	0.18582512803251205
2264	110-114	0.04791743189919373
2264	115-119	-0.03984850974180176
2264	120-124	0.20665460592516638
2264	125-129	0.14289841460013264
2264	130-134	0.04031149033767889
2264	135-139	-0.05686966453711051
2264	140-144	0.08343234010954603
2264	145-149	0.13384300645887492
2264	150-151	0.2029369053527148
2265	1	-0.3213910743978161
2265	2	0.08369106988232744
2265	3	0.15384506484225824
2265	4	0.19146231436967298
2265	5	-0.0850020189160503
2265	6	-0.03581819958415622
2265	7	0.010117112576509157
2265	8	-0.15428176027541696
2265	9	-0.29354540977249854
2265	10-14	-0.09255098121947469
2265	15-19	-0.04666447620016356
2265	20-24	-0.025575001396994423
2265	25-29	0.02611190589849599
2265	30-34	0.027282968151681075
2265	35-39	-0.010785248212791032
2265	40-44	0.16802529690668422
2265	45-49	0.06921968461107753
2265	50-54	-0.06126949844354357
2265	55-59	-0.11420134504378154
2265	60-64	0.1373816501272529
2265	65-69	-0.046133662934046527
2265	70-74	-0.07199543052823998
2265	75-79	-0.10573442298274216
2265	80-84	0.277458320196601
2265	85-89	-0.06409817448319899
2265	90-94	0.1351232910657174
2265	95-99	0.1101767562929652
2265	100-104	-0.0072658255590596355
2265	105-109	0.11169113299529698
2265	110-114	0.10543935084047007
2265	115-119	0.04621269786779436
2265	120-124	0.004897782103824966
2265	125-129	0.07728385711461527
2265	130-134	0.14966136626820514
2265	135-139	0.3728573826092969
2265	140-144	0.2318955328307979
2265	145-149	0.09982480960196938
2265	150-151	-0.0583699598251215
2266	1	0.21802096244450553
2266	2	-0.018456383539046328
2266	3	0.10113866790403847
2266	4	0.2670345059834176
2266	5	0.08094995147550321
2266	6	-0.12758082733365939
2266	7	0.13951274701314986
2266	8	0.07046316128743513
2266	9	-0.032782487620835354
2266	10-14	-0.030781035473594898
2266	15-19	0.009412573049104367
2266	20-24	-0.013047264508408318
2266	25-29	0.1361294859127966
2266	30-34	-0.13794561409165595
2266	35-39	-0.15681006210857618
2266	40-44	-0.03796603925851372
2266	45-49	0.028234194431497883
2266	50-54	-0.1508653263444586
2266	55-59	-0.11372155364874459
2266	60-64	0.021712221688005684
2266	65-69	0.016535302873258217
2266	70-74	-0.06043535146024226
2266	75-79	0.003944678670116275
2266	80-84	-0.004594419846299047
2266	85-89	0.20836748560848406
2266	90-94	0.006730979167670625
2266	95-99	-0.008947439358294673
2266	100-104	0.04770157991681856
2266	105-109	-0.09550472855158176
2266	110-114	0.04404085649720457
2266	115-119	-0.21448562403993066
2266	120-124	0.0023521287413288405
2266	125-129	0.04123826683828469
2266	130-134	0.10364916960756432
2266	135-139	0.08683307340292146
2266	140-144	0.12738714236942883
2266	145-149	0.24097903427287548
2266	150-151	0.2358791043966022
2267	1	-0.08655236472039718
2267	2	-0.12017989785960737
2267	3	0.1022321616164561
2267	4	-0.19305381466258353
2267	5	-0.07726008343217927
2267	6	0.010633413319069973
2267	7	-0.10601191968155632
2267	8	0.036685981660070865
2267	9	0.0058094289371766195
2267	10-14	-1.638844452855892E-4
2267	15-19	0.054496814122416026
2267	20-24	-0.005445969138932583
2267	25-29	0.14017642202752256
2267	30-34	0.04637974234523057
2267	35-39	-0.03194653853537943
2267	40-44	-0.051845670835248825
2267	45-49	0.04289710396592028
2267	50-54	0.054859533814514805
2267	55-59	-0.06826586117281153
2267	60-64	0.06563971464338181
2267	65-69	0.0839308531949925
2267	70-74	-0.04464059181856328
2267	75-79	0.0929752544366167
2267	80-84	0.03436154600304775
2267	85-89	0.043772793258739284
2267	90-94	0.028284581388305696
2267	95-99	0.11533804661555536
2267	100-104	-0.07797550297841838
2267	105-109	0.14988468138238886
2267	110-114	0.042471608904989466
2267	115-119	0.13447076238392697
2267	120-124	0.1050268143618851
2267	125-129	0.034961276469452685
2267	130-134	-0.028919278893084766
2267	135-139	0.13853480196412704
2267	140-144	0.040411661863061
2267	145-149	0.12408287411809482
2267	150-151	0.24614616920713672
2268	1	-0.1321324588240813
2268	2	0.267189861794499
2268	3	0.09307612753566019
2268	4	0.1217340281588335
2268	5	0.011251637139224613
2268	6	-1.9052904559531143
2268	7	-0.03892192773547265
2268	8	0.18364711090426766
2268	9	0.025783147728240863
2268	10-14	0.12599134424363
2268	15-19	0.006777599167563153
2268	20-24	0.10256606935032409
2268	25-29	0.04972701335472607
2268	30-34	0.05595831044323063
2268	35-39	-0.027870407807554898
2268	40-44	0.09904780549047132
2268	45-49	0.036219981334411955
2268	50-54	0.12301433861295408
2268	55-59	0.10990377979195642
2268	60-64	0.15044697164816512
2268	65-69	0.12090630993697005
2268	70-74	0.12408409132331144
2268	75-79	0.18311810552388863
2268	80-84	0.07379828035089275
2268	85-89	0.15353261692030884
2268	90-94	0.13560347418641072
2268	95-99	0.17996065693304075
2268	100-104	0.21097333344224722
2268	105-109	0.31154836668610386
2268	110-114	0.05890567274288827
2268	115-119	0.2683909861980922
2268	120-124	0.2152566477729394
2268	125-129	0.22264234128229532
2268	130-134	0.28939872373503306
2268	135-139	0.21606877678503622
2268	140-144	0.25071762600192926
2268	145-149	0.2673205495027773
2268	150-151	0.2237664481270656
2269	1	0.04122005082443536
2269	2	-0.154745980325103
2269	3	0.02137533323612928
2269	4	-0.10979583481329058
2269	5	0.22810610063351788
2269	6	-0.2584174714493699
2269	7	-0.08204104507314014
2269	8	-0.07243602325061005
2269	9	-0.22463676528854393
2269	10-14	-0.08482326976405119
2269	15-19	-0.03118805591399365
2269	20-24	0.029364969816285225
2269	25-29	-0.05633801366801805
2269	30-34	-0.14664980638053748
2269	35-39	0.030026198743435373
2269	40-44	0.0964472764173081
2269	45-49	0.03899226948958301
2269	50-54	0.0952659346273208
2269	55-59	-0.03802286735349725
2269	60-64	-0.02268066466404406
2269	65-69	-0.07420579907831382
2269	70-74	0.0045901253095337324
2269	75-79	-0.03775372702135371
2269	80-84	-0.05238877149758281
2269	85-89	-0.024144910576666234
2269	90-94	-0.010513149540500422
2269	95-99	0.002337623281370327
2269	100-104	-0.024903620834656692
2269	105-109	0.10441588111145705
2269	110-114	0.02010398550307002
2269	115-119	0.0031315023720637214
2269	120-124	0.09397542159243955
2269	125-129	0.13604196396415347
2269	130-134	0.17118570798354682
2269	135-139	0.07864012750811611
2269	140-144	0.03877657592622086
2269	145-149	0.14934068463372085
2269	150-151	-0.006047548513635093
2270	1	-0.42640899554476874
2270	2	-0.18310701852865918
2270	3	0.27188568610868913
2270	4	-0.005079757656268669
2270	5	0.12736869280949747
2270	6	0.043669767645745594
2270	7	0.04346410011704194
2270	8	0.12501846160544972
2270	9	0.10263482576257843
2270	10-14	-0.001517016379061431
2270	15-19	0.028800278877497476
2270	20-24	-0.03540193432070282
2270	25-29	0.10225049610159687
2270	30-34	0.16434048649951905
2270	35-39	-0.0312911365896511
2270	40-44	0.029613963914712826
2270	45-49	0.05558186245712449
2270	50-54	0.06497388779984448
2270	55-59	0.027893893051448515
2270	60-64	0.0705743451264027
2270	65-69	-0.03018213536960701
2270	70-74	-0.14989473075012683
2270	75-79	-0.01116538389757693
2270	80-84	0.012386464931196883
2270	85-89	-7.644997946840704E-4
2270	90-94	-0.0031474035920666665
2270	95-99	0.06136774451621818
2270	100-104	0.04998285168961303
2270	105-109	-0.0699664877591033
2270	110-114	-0.10533450135273625
2270	115-119	0.13166960177631637
2270	120-124	-0.06188426261370239
2270	125-129	0.07971567141739655
2270	130-134	0.0010278110540085095
2270	135-139	-0.025196892864343567
2270	140-144	-0.04360062692342126
2270	145-149	0.023277275893150318
2270	150-151	0.14253804495385225
2271	1	-0.3829746521104269
2271	2	-0.1712984567201019
2271	3	0.01810983233283281
2271	4	-0.2702553228318294
2271	5	-0.08071211527131084
2271	6	0.02231334628932302
2271	7	-0.09309193643899505
2271	8	-0.14650630991932445
2271	9	0.06554968867743582
2271	10-14	-0.05396530882734396
2271	15-19	-0.1053892353120176
2271	20-24	-0.05693151585028744
2271	25-29	-0.3032521494010467
2271	30-34	-0.037400735241696736
2271	35-39	-0.033773099071609636
2271	40-44	-0.1137241794234356
2271	45-49	-0.02791982104456281
2271	50-54	0.0623668651928142
2271	55-59	-0.14682472166716565
2271	60-64	0.01783745238950729
2271	65-69	-0.1628324480199197
2271	70-74	-0.07421411506950903
2271	75-79	-0.2578416705738604
2271	80-84	0.002901135445867453
2271	85-89	-0.08349658252677017
2271	90-94	-0.1070819875266551
2271	95-99	-0.10853124538277115
2271	100-104	-0.10960348789672736
2271	105-109	-0.08756148535410091
2271	110-114	0.1044875284692921
2271	115-119	-0.12115387104716291
2271	120-124	0.2249363242068867
2271	125-129	0.10484313654485078
2271	130-134	0.06198981201600162
2271	135-139	-0.035471063138508896
2271	140-144	0.1822868189640161
2271	145-149	-0.024505311889448933
2271	150-151	-0.17371977130396488
2272	1	-0.5342859540038774
2272	2	0.22167713172767378
2272	3	-0.11084633439823932
2272	4	-0.04011470019444374
2272	5	0.17285217296309696
2272	6	0.02356668544693008
2272	7	0.022810014133078482
2272	8	-0.21431431045694893
2272	9	0.057038406944940334
2272	10-14	-0.005042071650557034
2272	15-19	-0.06923527284499187
2272	20-24	0.11996470565136974
2272	25-29	-0.03288438004233285
2272	30-34	0.1596470294127954
2272	35-39	0.03397509064294013
2272	40-44	0.032063021732462005
2272	45-49	0.0105405542851571
2272	50-54	-0.058268204782486066
2272	55-59	0.04076890075182149
2272	60-64	0.11127607069229128
2272	65-69	0.05815711868763174
2272	70-74	-0.0532158119495989
2272	75-79	-0.03687159278619134
2272	80-84	0.12780293481080207
2272	85-89	0.0320794326611491
2272	90-94	0.12203244267445257
2272	95-99	0.10054924721647751
2272	100-104	0.10895668414338644
2272	105-109	0.10505490213938629
2272	110-114	0.08995013830447363
2272	115-119	0.21828397441914404
2272	120-124	0.18809554532212047
2272	125-129	0.29473309135072157
2272	130-134	0.20590607686370532
2272	135-139	0.12415730332038777
2272	140-144	0.22692854205335777
2272	145-149	0.10637891384600806
2272	150-151	-0.0976037786291073
2273	1	-0.2580129730631455
2273	2	-0.2998025077922435
2273	3	0.06148072862201559
2273	4	0.09805367037988333
2273	5	0.04812713885976905
2273	6	-0.24099455203803188
2273	7	-0.16157779558633223
2273	8	0.07034817152660366
2273	9	0.09037492828866789
2273	10-14	-6.070458192866113E-4
2273	15-19	0.12182521042382888
2273	20-24	-0.00974570555163723
2273	25-29	-0.006064823108658857
2273	30-34	-0.024293116530969883
2273	35-39	0.12721667639286238
2273	40-44	0.02042779052619892
2273	45-49	-0.034954031969817834
2273	50-54	0.014787570298345543
2273	55-59	0.08915014652559705
2273	60-64	-0.017169874913541605
2273	65-69	0.14119908464974174
2273	70-74	-0.007879619474316257
2273	75-79	0.11380116130243323
2273	80-84	-0.06672744608933101
2273	85-89	-0.07254100114317197
2273	90-94	0.05232374292965858
2273	95-99	0.04366037622519059
2273	100-104	0.08155388909722205
2273	105-109	0.06673703065647629
2273	110-114	0.0790498273895679
2273	115-119	0.049873130485678985
2273	120-124	-0.027237442363770015
2273	125-129	0.08321967569960265
2273	130-134	0.13118448245580794
2273	135-139	0.23421883192103365
2273	140-144	0.14048312330818646
2273	145-149	0.24578154781375616
2273	150-151	-0.022903661343889326
2274	1	0.07460505631673442
2274	2	0.33095691502679614
2274	3	-0.23002169715462628
2274	4	0.09232785670049992
2274	5	0.06530457989792637
2274	6	-0.033708597868212564
2274	7	0.029995145970126202
2274	8	0.15651270496410064
2274	9	-0.11361690743830621
2274	10-14	-0.06624387771609008
2274	15-19	0.05530566300999595
2274	20-24	0.05162027134556979
2274	25-29	0.1648126671383423
2274	30-34	0.2078170977727538
2274	35-39	0.03719254545335815
2274	40-44	0.11848767651724046
2274	45-49	0.08038543302340884
2274	50-54	-0.012664544075882134
2274	55-59	0.016656542831050558
2274	60-64	-0.02470238065879471
2274	65-69	-0.09924044680079902
2274	70-74	0.12626608269881956
2274	75-79	0.06861221452409438
2274	80-84	-0.14070915257119765
2274	85-89	0.10510803319649398
2274	90-94	0.12094219168396592
2274	95-99	0.009827006534798954
2274	100-104	0.003894539499604832
2274	105-109	0.1250950106922275
2274	110-114	0.08211126066929353
2274	115-119	0.1881219378896617
2274	120-124	-0.012250218064401963
2274	125-129	0.11268546370921229
2274	130-134	0.21264525826467207
2274	135-139	0.19478613728817606
2274	140-144	0.22386693376447653
2274	145-149	0.2555813810786063
2274	150-151	-0.028788431457371644
2275	1	-0.07251337718078332
2275	2	-0.05411295043634112
2275	3	-0.018030070832644185
2275	4	0.18588423075052418
2275	5	-0.19113843188874569
2275	6	-0.019031849564619563
2275	7	0.019519274691731425
2275	8	0.23537829269206156
2275	9	0.33636124589545346
2275	10-14	0.02253676245263847
2275	15-19	-0.016456687375431045
2275	20-24	-0.11974041623657428
2275	25-29	-0.09403084580558385
2275	30-34	-0.12254380213443028
2275	35-39	-0.06678003829658508
2275	40-44	-4.5575202310743634E-4
2275	45-49	-0.10863157228120457
2275	50-54	-0.04899493585942594
2275	55-59	-0.054077522701931
2275	60-64	-0.019918223966442383
2275	65-69	0.09312392400643432
2275	70-74	-0.06248490215590863
2275	75-79	-0.0937620355386386
2275	80-84	-0.06996806802898448
2275	85-89	0.012785600969415611
2275	90-94	0.07979675956742938
2275	95-99	0.06404885285008532
2275	100-104	0.11149595102235565
2275	105-109	0.07013406270483813
2275	110-114	0.16846683314846445
2275	115-119	0.02007211696213318
2275	120-124	0.07944682044012552
2275	125-129	0.10556397694268327
2275	130-134	0.09641046538686027
2275	135-139	0.1926116482281799
2275	140-144	0.22620005243311425
2275	145-149	0.14970524202501423
2275	150-151	-0.10176682519220037
2276	1	-0.003037348035192622
2276	2	-0.42961944607557
2276	3	0.3111822771294186
2276	4	-0.05998972635934052
2276	5	-0.010899169596299885
2276	6	0.08619429292889436
2276	7	-0.24051692524329127
2276	8	-0.2514358631247333
2276	9	-0.07005264002833655
2276	10-14	-0.06487715560126617
2276	15-19	-0.0986483899504833
2276	20-24	-0.14192376498046144
2276	25-29	-0.16333551431199567
2276	30-34	-0.06086968008995797
2276	35-39	-0.16264560587514865
2276	40-44	0.0012642803926112833
2276	45-49	-0.09957230649014548
2276	50-54	-0.05628276104301477
2276	55-59	-0.17465757846553487
2276	60-64	-0.15371375502377305
2276	65-69	-0.16672235122016588
2276	70-74	0.06862098086903501
2276	75-79	-0.18381776344650547
2276	80-84	-0.03352037407908881
2276	85-89	-0.0696345824578728
2276	90-94	0.02232240118807738
2276	95-99	-0.13589973895815888
2276	100-104	-0.04291569293307873
2276	105-109	-0.04542155631762057
2276	110-114	-0.10320546818921628
2276	115-119	0.14649985453759484
2276	120-124	-0.22278836489711296
2276	125-129	0.055435991965296694
2276	130-134	-0.10669116218221575
2276	135-139	0.029655534401882733
2276	140-144	0.008401394044113886
2276	145-149	-0.09275292634395527
2276	150-151	-0.2963557560089143
2277	1	0.18295233428899849
2277	2	0.1812120249242426
2277	3	0.1552336009526627
2277	4	0.36002043815258844
2277	5	0.06800111375687834
2277	6	-0.2846641906094689
2277	7	0.05969123839143009
2277	8	0.16640912110634787
2277	9	-0.11964988864811943
2277	10-14	0.12357568036718192
2277	15-19	0.12576732466342833
2277	20-24	-0.05829907217847108
2277	25-29	-0.05581307928481749
2277	30-34	-0.07053432081622901
2277	35-39	0.19538052945209472
2277	40-44	0.03712969111547437
2277	45-49	0.1266563114843322
2277	50-54	0.05222131520473994
2277	55-59	-0.01387588572619336
2277	60-64	0.05186001775065563
2277	65-69	0.02290706181407387
2277	70-74	-0.06155160697393569
2277	75-79	-0.1800109448691174
2277	80-84	0.07674508677013137
2277	85-89	0.06771860648370165
2277	90-94	-1.4461876453708555E-5
2277	95-99	0.06847935556483975
2277	100-104	-0.07372251847245082
2277	105-109	0.005728217069460584
2277	110-114	0.07154755505688115
2277	115-119	0.05037559686025617
2277	120-124	-0.014161061347188308
2277	125-129	0.19116007420037562
2277	130-134	-0.024089882567629672
2277	135-139	-0.0672916310220728
2277	140-144	0.19153248143803125
2277	145-149	0.2070834667859458
2277	150-151	-0.19502392646639066
2278	1	0.04920788283163091
2278	2	-0.1927312945786923
2278	3	0.23499465578795764
2278	4	0.1085934236910262
2278	5	-0.34354468349152967
2278	6	-0.06560583046034196
2278	7	-0.3148746215593903
2278	8	0.0075630110356783575
2278	9	-0.008382423888050994
2278	10-14	0.025597126109587975
2278	15-19	-0.08993724971549
2278	20-24	-0.09086362841577511
2278	25-29	-0.06065406417484809
2278	30-34	-0.09226770795361716
2278	35-39	0.017858895740403113
2278	40-44	-0.10962499345827581
2278	45-49	-0.039995524578870345
2278	50-54	0.014210133619528165
2278	55-59	0.0010995747985305115
2278	60-64	-0.07819954609163915
2278	65-69	-0.18658383460967087
2278	70-74	-0.027821296324525235
2278	75-79	0.04908393995227556
2278	80-84	0.06801641438506323
2278	85-89	-0.05776830292201396
2278	90-94	-0.05099310925643863
2278	95-99	-0.138041971187846
2278	100-104	-0.13120800689941348
2278	105-109	-0.22143455052808036
2278	110-114	-0.004694852881286238
2278	115-119	-0.05644475624606571
2278	120-124	0.011840090611308085
2278	125-129	0.06337821513249509
2278	130-134	8.310496220147456E-4
2278	135-139	-0.007847123346365947
2278	140-144	0.19027084545002282
2278	145-149	0.160618841224192
2278	150-151	0.048996408705249905
>>END_MODULE
>>Per sequence quality scores	pass
#Quality	Count
15	1.0
16	2.0
17	4.0
18	3.0
19	17.0
20	26.0
21	78.0
22	183.0
23	456.0
24	929.0
25	1909.0
26	3954.0
27	6872.0
28	10977.0
29	16855.0
30	24018.0
31	33607.0
32	44014.0
33	60844.0
34	84813.0
35	159448.0
36	684553.0
37	68100.0
>>END_MODULE
>>Per base sequence content	fail
#Base	G	A	T	C
1	48.325193211729434	17.90954354014984	9.010944018321307	24.754319229799417
2	20.972630950803385	18.747786198211625	32.78510224951432	27.494480601470674
3	23.00669988174721	23.32118073037116	28.528713957240925	25.1434054306407
4	13.609140000149791	15.499437030182339	37.51958743840827	33.3718355312596
5	14.438609922939932	36.269410648602765	35.191152239402165	14.10082718905514
6	33.01166799676781	37.414566313517184	15.750588975444863	13.823176714270142
7	25.850946439181733	29.036867272161388	22.03256822633985	23.079618062317024
8	27.500222608168844	31.892385802009382	18.143689204044726	22.463702385777044
9	23.803096209170125	11.437982196339574	18.66213738793655	46.09678420655376
10-14	26.358371689899744	20.681056169658216	26.448047414291693	26.512524726150343
15-19	25.57262726737862	26.445251289254973	23.504659792304498	24.477461651061905
20-24	25.38332294495212	24.768841180930096	24.419808215780964	25.42802765833682
25-29	25.169989564453232	24.77478692011564	24.911763873701588	25.14345964172954
30-34	25.411241231674854	24.76613083890648	24.446321855494606	25.37630607392406
35-39	25.187948275569372	24.87741128858037	24.782842140757904	25.15179829509236
40-44	25.28323385404756	24.784256275416983	24.622246677338598	25.310263193196864
45-49	25.20075695792126	24.705938158468506	24.803553774304042	25.28975110930619
50-54	25.213176259272394	24.86915164395333	24.71877610455286	25.198895992221416
55-59	25.275148865076986	24.6905402249857	24.663211331404778	25.371099578532537
60-64	25.161830651565083	24.849628521407183	24.771020425622144	25.21752040140559
65-69	25.30831115259505	24.72932065025625	24.602577537159117	25.35979065998959
70-74	25.17729197985143	24.777819128892535	24.77994956199627	25.264939329259768
75-79	25.307108377005438	24.712889222949688	24.622363258608495	25.357639141436376
80-84	25.146046698659713	24.855725884423254	24.772639173154072	25.225588243762964
85-89	25.238983618710055	24.74997324515246	24.630870483735965	25.380172652401523
90-94	25.158598540806874	24.78551165963079	24.721349903432813	25.33453989612952
95-99	25.255676971638234	24.790634234675068	24.63526492256916	25.318423871117535
100-104	25.109515389408767	24.77357942894881	24.76841988932621	25.348485292316212
105-109	25.245239387495293	24.823989695610067	24.6614815173577	25.269289399536945
110-114	25.21476160438328	24.737837221572196	24.689320921593332	25.3580802524512
115-119	25.184266330819415	24.813228795495288	24.70842354900823	25.294081324677066
120-124	25.213881198526956	24.618848575007465	24.74515840074351	25.422111825722066
125-129	25.15014350263604	24.817684078497372	24.762426742420256	25.269745676446327
130-134	25.18938583814187	24.617437694285364	24.683996320384832	25.509180147187937
135-139	25.147305885944082	24.725502251405818	24.807972243480044	25.319219619170052
140-144	25.158764555775477	24.64007930405235	24.75695158737926	25.44420455279292
145-149	25.116597390069238	24.592853664325343	24.857554954977147	25.432993990628272
150-151	25.06280243894421	24.53142119308197	24.83439588776662	25.571380480207196
>>END_MODULE
>>Per sequence GC content	warn
#GC Content	Count
0	0.0
1	0.0
2	0.0
3	0.0
4	0.0
5	0.0
6	0.0
7	0.0
8	0.0
9	0.0
10	0.0
11	14.0
12	35.0
13	25.5
14	16.5
15	40.0
16	62.0
17	72.0
18	95.5
19	141.5
20	213.0
21	320.5
22	424.0
23	627.0
24	821.0
25	964.5
26	1345.5
27	1858.0
28	2466.0
29	3151.0
30	3989.5
31	4834.5
32	5545.0
33	6272.0
34	6864.5
35	7818.0
36	9013.0
37	10198.5
38	11664.5
39	13684.0
40	15778.5
41	17896.0
42	20472.0
43	24019.5
44	28205.0
45	32948.0
46	38314.5
47	43957.5
48	50853.0
49	57870.0
50	63631.0
51	68926.5
52	73058.0
53	75429.0
54	75051.0
55	71551.0
56	66313.0
57	59455.5
58	51537.5
59	43197.5
60	35257.0
61	27787.5
62	20880.0
63	15303.5
64	10817.5
65	7348.0
66	4892.5
67	3061.0
68	1892.0
69	1218.0
70	787.0
71	530.5
72	375.5
73	222.5
74	119.0
75	73.0
76	34.5
77	13.0
78	5.5
79	0.5
80	0.5
81	1.0
82	0.5
83	0.0
84	0.0
85	0.5
86	0.5
87	0.0
88	0.0
89	0.0
90	0.0
91	0.0
92	0.5
93	1.0
94	0.5
95	0.0
96	0.0
97	0.0
98	0.0
99	0.0
100	0.0
>>END_MODULE
>>Per base N content	pass
#Base	N-Count
1	1.6643601409047296E-4
2	0.1501252847096066
3	0.0
4	0.0
5	2.496540211357094E-4
6	0.0
7	8.321800704523648E-5
8	0.0
9	0.0
10-14	0.0
15-19	0.0
20-24	0.0
25-29	8.321800704523648E-5
30-34	6.823876577709391E-4
35-39	2.1636681831761485E-4
40-44	4.826644408623716E-4
45-49	9.153980774976013E-4
50-54	3.994464338171351E-4
55-59	3.661592309990405E-4
60-64	4.660208394533242E-4
65-69	0.0016477165394956823
70-74	0.0024466094071299523
75-79	0.0015644985324504458
80-84	0.0022302425888123378
85-89	9.653288817247432E-4
90-94	0.0010485468887699795
95-99	8.321800704523647E-4
100-104	4.49377238044277E-4
105-109	3.328720281809459E-5
110-114	4.1609003522618236E-4
115-119	4.660208394533242E-4
120-124	0.0012149829028604525
125-129	0.0010485468887699795
130-134	0.001298200909905689
135-139	0.0011484084972242633
140-144	7.822492662252229E-4
145-149	5.492388464985608E-4
150-151	0.0064493955460058275
>>END_MODULE
>>Sequence Length Distribution	pass
#Length	Count
151	1201663.0
>>END_MODULE
>>Sequence Duplication Levels	warn
#Total Deduplicated Percentage	68.44432440081405
#Duplication Level	Percentage of total
1	50.77309464570956
2	22.31717012589786
3	11.158095866800405
4	5.823565880703919
5	3.1535352890289006
6	1.764475023112954
7	1.0208689104054065
8	0.6223743347638977
9	0.3866314076673415
>10	2.4007492933379657
>50	0.3785905484405364
>100	0.20084867413124188
>500	0.0
>1k	0.0
>5k	0.0
>10k+	0.0
>>END_MODULE
>>Overrepresented sequences	pass
>>END_MODULE
>>Adapter Content	pass
#Position	Illumina Universal Adapter	Illumina Small RNA 3' Adapter	Illumina Small RNA 5' Adapter	Nextera Transposase Sequence	PolyA	PolyG
1	0.0	0.0	0.0	0.0	8.321800704523648E-5	0.0
2	0.0	0.0	0.0	0.0	2.496540211357094E-4	0.0
3	0.0	0.0	0.0	0.0	2.496540211357094E-4	0.0
4	0.0	0.0	0.0	0.0	2.496540211357094E-4	0.0
5	0.0	0.0	0.0	0.0	2.496540211357094E-4	0.0
6	0.0	0.0	0.0	0.0	2.496540211357094E-4	0.0
7	0.0	0.0	0.0	0.0	2.496540211357094E-4	0.0
8	0.0	0.0	0.0	0.0	2.496540211357094E-4	0.0
9	0.0	0.0	0.0	0.0	2.496540211357094E-4	0.0
10-14	0.0	0.0	0.0	3.328720281809459E-5	2.496540211357094E-4	3.328720281809459E-5
15-19	0.0	0.0	0.0	9.986160845428377E-5	2.496540211357094E-4	1.6643601409047296E-4
20-24	0.0	0.0	0.0	2.662976225447567E-4	3.1622842677189863E-4	2.1636681831761485E-4
25-29	0.0	0.0	0.0	0.0014313497211780675	4.160900352261824E-4	3.1622842677189863E-4
30-34	0.0	3.328720281809459E-5	0.0	0.011400866965197399	4.993080422714189E-4	4.1609003522618236E-4
35-39	0.0	8.321800704523648E-5	0.0	0.03282118197864126	6.990312591799864E-4	4.993080422714189E-4
40-44	0.0	8.321800704523648E-5	0.0	0.05309308849486087	8.155364690433174E-4	6.491004549528446E-4
45-49	0.0	8.321800704523648E-5	0.0	0.08909319834263017	8.821108746795066E-4	7.32318461998081E-4
50-54	0.0	8.321800704523648E-5	0.0	0.11382559003647445	9.486852803156958E-4	7.489620634071283E-4
55-59	0.0	8.321800704523648E-5	0.0	0.1547688495027308	0.0010984776929971215	8.654672732704594E-4
60-64	0.0	8.321800704523648E-5	0.0	0.18427795480097164	0.0013148445113147366	9.486852803156958E-4
65-69	0.0	8.321800704523648E-5	0.0	0.23046394871107792	0.001348131714132831	0.0013814189169509255
70-74	0.0	8.321800704523648E-5	0.0	0.2674793182447991	0.0014147061197690202	0.0021137373789490064
75-79	0.0	8.321800704523648E-5	0.0	0.32693026247791596	0.0015145677282233042	0.0021636681831761484
80-84	0.0	8.321800704523648E-5	0.0	0.37433123929088274	0.0015811421338594932	0.002196955385994243
85-89	0.0	8.321800704523648E-5	0.0	0.4517905602485889	0.0017142909451318712	0.0025631146169932837
90-94	0.0	8.321800704523648E-5	0.0	0.5147699479804239	0.0018807269592223442	0.002945917449401371
95-99	0.0	8.321800704523648E-5	0.0	0.6171114530446555	0.0021803117845851957	0.0032455022747642226
100-104	0.0	8.321800704523648E-5	0.0	0.7107816417747739	0.002546471015584236	0.007789205459434134
105-109	0.0	8.321800704523648E-5	0.0	0.8512369940657238	0.002712907029674709	0.023500765189574783
110-114	0.0	8.321800704523648E-5	0.0	0.9909267406918578	0.0030291354564466076	0.04257433240434298
115-119	0.0	8.321800704523648E-5	0.0	1.1966915849119097	0.0033453638832185066	0.07238302252794668
120-124	0.0	8.321800704523648E-5	0.0	1.4211638371157305	0.003794741121262783	0.1027908823022761
125-129	0.0	8.321800704523648E-5	0.0	1.7255919504886144	0.004110969548034682	0.13609472872177975
130-134	0.0	8.321800704523648E-5	0.0	2.080167234906958	0.004493772380442769	0.17216141297518522
135-139	0.0	8.321800704523648E-5	0.0	2.518010457174765	0.00467685199594229	0.20822809722859073
140	0.0	8.321800704523648E-5	0.0	2.8587049780179634	0.004826644408623715	0.23792028214233107
>>END_MODULE
